code,used,used_at
JURGEN-5954,no,
JURGEN-1918,no,
JURGEN-1063,no,
JURGEN-5420,no,
JURGEN-6953,no,
JURGEN-4978,no,
JURGEN-5002,no,
JURGEN-5236,no,
JURGEN-1229,no,
JURGEN-1689,no,
JURGEN-4378,no,
JURGEN-5605,no,
JURGEN-5908,no,
JURGEN-2574,no,
JURGEN-7170,no,
JURGEN-1659,no,
JURGEN-6594,no,
JURGEN-7813,no,
JURGEN-0031,no,
JURGEN-4914,no,
JURGEN-0363,no,
JURGEN-3115,no,
JURGEN-6636,no,
JURGEN-8117,no,
JURGEN-0832,no,
JURGEN-5235,no,
JURGEN-0047,no,
JURGEN-7596,no,
JURGEN-5934,no,
JURGEN-9941,no,
JURGEN-5423,no,
JURGEN-7248,no,
JURGEN-0833,no,
JURGEN-1581,no,
JURGEN-7282,no,
JURGEN-7007,no,
JURGEN-5638,no,
JURGEN-2841,no,
JURGEN-7727,no,
JURGEN-7222,no,
JURGEN-4261,no,
JURGEN-3818,no,
JURGEN-6947,no,
JURGEN-4876,no,
JURGEN-0096,no,
JURGEN-9542,no,
JURGEN-6068,no,
JURGEN-2886,no,
JURGEN-5352,no,
JURGEN-9490,no,
JURGEN-9534,no,
JURGEN-7437,no,
JURGEN-4175,no,
JURGEN-4090,no,
JURGEN-4873,no,
JURGEN-8246,no,
JURGEN-5639,no,
JURGEN-4008,no,
JURGEN-1245,no,
JURGEN-9729,no,
JURGEN-6258,no,
JURGEN-1851,no,
JURGEN-1105,no,
JURGEN-8907,no,
JURGEN-2752,no,
JURGEN-8103,no,
JURGEN-5332,no,
JURGEN-9046,no,
JURGEN-6470,no,
JURGEN-0326,no,
JURGEN-5613,no,
JURGEN-8724,no,
JURGEN-6454,no,
JURGEN-2205,no,
JURGEN-9655,no,
JURGEN-2019,no,
JURGEN-3130,no,
JURGEN-3899,no,
JURGEN-5466,no,
JURGEN-1865,no,
JURGEN-3962,no,
JURGEN-4438,no,
JURGEN-9310,no,
JURGEN-4023,no,
JURGEN-1317,no,
JURGEN-1575,no,
JURGEN-9338,no,
JURGEN-0094,no,
JURGEN-7196,no,
JURGEN-7609,no,
JURGEN-6847,no,
JURGEN-9892,no,
JURGEN-2059,no,
JURGEN-0424,no,
JURGEN-4272,no,
JURGEN-6453,no,
JURGEN-4215,no,
JURGEN-3486,no,
JURGEN-5739,no,
JURGEN-0804,no,
JURGEN-7274,no,
JURGEN-3727,no,
JURGEN-7915,no,
JURGEN-0966,no,
JURGEN-4011,no,
JURGEN-7732,no,
JURGEN-1802,no,
JURGEN-2134,no,
JURGEN-6875,no,
JURGEN-1795,no,
JURGEN-2859,no,
JURGEN-1072,no,
JURGEN-0102,no,
JURGEN-3603,no,
JURGEN-2981,no,
JURGEN-5407,no,
JURGEN-1724,no,
JURGEN-6104,no,
JURGEN-2047,no,
JURGEN-3909,no,
JURGEN-2821,no,
JURGEN-2166,no,
JURGEN-5398,no,
JURGEN-2155,no,
JURGEN-2471,no,
JURGEN-1947,no,
JURGEN-4097,no,
JURGEN-6631,no,
JURGEN-3840,no,
JURGEN-9999,no,
JURGEN-9075,no,
JURGEN-3010,no,
JURGEN-3207,no,
JURGEN-0045,no,
JURGEN-4493,no,
JURGEN-3607,no,
JURGEN-0525,no,
JURGEN-6124,no,
JURGEN-9259,no,
JURGEN-1594,no,
JURGEN-0467,no,
JURGEN-3993,no,
JURGEN-6919,no,
JURGEN-6468,no,
JURGEN-0195,no,
JURGEN-7604,no,
JURGEN-6632,no,
JURGEN-6948,no,
JURGEN-5216,no,
JURGEN-0291,no,
JURGEN-9735,no,
JURGEN-7062,no,
JURGEN-0739,no,
JURGEN-9567,no,
JURGEN-5885,no,
JURGEN-5284,no,
JURGEN-8856,no,
JURGEN-7997,no,
JURGEN-5993,no,
JURGEN-9410,no,
JURGEN-1877,no,
JURGEN-9309,no,
JURGEN-8736,no,
JURGEN-5128,no,
JURGEN-8311,no,
JURGEN-6784,no,
JURGEN-0434,no,
JURGEN-4330,no,
JURGEN-7359,no,
JURGEN-8344,no,
JURGEN-8941,no,
JURGEN-5094,no,
JURGEN-5143,no,
JURGEN-0801,no,
JURGEN-8568,no,
JURGEN-4715,no,
JURGEN-9581,no,
JURGEN-7208,no,
JURGEN-0963,no,
JURGEN-4531,no,
JURGEN-4300,no,
JURGEN-2436,no,
JURGEN-2519,no,
JURGEN-8373,no,
JURGEN-7849,no,
JURGEN-0952,no,
JURGEN-8017,no,
JURGEN-4114,no,
JURGEN-2455,no,
JURGEN-1841,no,
JURGEN-5881,no,
JURGEN-4034,no,
JURGEN-2475,no,
JURGEN-8600,no,
JURGEN-6439,no,
JURGEN-2172,no,
JURGEN-7078,no,
JURGEN-4331,no,
JURGEN-2975,no,
JURGEN-3522,no,
JURGEN-6189,no,
JURGEN-1461,no,
JURGEN-3636,no,
JURGEN-0870,no,
JURGEN-7227,no,
JURGEN-1946,no,
JURGEN-9298,no,
JURGEN-8505,no,
JURGEN-4289,no,
JURGEN-8816,no,
JURGEN-6991,no,
JURGEN-8796,no,
JURGEN-7463,no,
JURGEN-9090,no,
JURGEN-0626,no,
JURGEN-7331,no,
JURGEN-1000,no,
JURGEN-3061,no,
JURGEN-8948,no,
JURGEN-4856,no,
JURGEN-5073,no,
JURGEN-7578,no,
JURGEN-5054,no,
JURGEN-8977,no,
JURGEN-3057,no,
JURGEN-8012,no,
JURGEN-8891,no,
JURGEN-6021,no,
JURGEN-1152,no,
JURGEN-8263,no,
JURGEN-8221,no,
JURGEN-9615,no,
JURGEN-9314,no,
JURGEN-9734,no,
JURGEN-2005,no,
JURGEN-2715,no,
JURGEN-1240,no,
JURGEN-1973,no,
JURGEN-8701,no,
JURGEN-3252,no,
JURGEN-9354,no,
JURGEN-0393,no,
JURGEN-5137,no,
JURGEN-0438,no,
JURGEN-7714,no,
JURGEN-8089,no,
JURGEN-9137,no,
JURGEN-3482,no,
JURGEN-5814,no,
JURGEN-7769,no,
JURGEN-4222,no,
JURGEN-2819,no,
JURGEN-4770,no,
JURGEN-7931,no,
JURGEN-1628,no,
JURGEN-0198,no,
JURGEN-7560,no,
JURGEN-3926,no,
JURGEN-6725,no,
JURGEN-8943,no,
JURGEN-6807,no,
JURGEN-7698,no,
JURGEN-1089,no,
JURGEN-7771,no,
JURGEN-9119,no,
JURGEN-0044,no,
JURGEN-6757,no,
JURGEN-1424,no,
JURGEN-6534,no,
JURGEN-1219,no,
JURGEN-6658,no,
JURGEN-4113,no,
JURGEN-6836,no,
JURGEN-5177,no,
JURGEN-3352,no,
JURGEN-0127,no,
JURGEN-4190,no,
JURGEN-6826,no,
JURGEN-7401,no,
JURGEN-2522,no,
JURGEN-0348,no,
JURGEN-8367,no,
JURGEN-5703,no,
JURGEN-9654,no,
JURGEN-9563,no,
JURGEN-2545,no,
JURGEN-9178,no,
JURGEN-4996,no,
JURGEN-0100,no,
JURGEN-5100,no,
JURGEN-3786,no,
JURGEN-1272,no,
JURGEN-8679,no,
JURGEN-1960,no,
JURGEN-4820,no,
JURGEN-3959,no,
JURGEN-6138,no,
JURGEN-0330,no,
JURGEN-6918,no,
JURGEN-7246,no,
JURGEN-7049,no,
JURGEN-7269,no,
JURGEN-4360,no,
JURGEN-1730,no,
JURGEN-0606,no,
JURGEN-6507,no,
JURGEN-4695,no,
JURGEN-8791,no,
JURGEN-4417,no,
JURGEN-1224,no,
JURGEN-2923,no,
JURGEN-5233,no,
JURGEN-7744,no,
JURGEN-3728,no,
JURGEN-1828,no,
JURGEN-2832,no,
JURGEN-0515,no,
JURGEN-5207,no,
JURGEN-6146,no,
JURGEN-4731,no,
JURGEN-0491,no,
JURGEN-6869,no,
JURGEN-5318,no,
JURGEN-4554,no,
JURGEN-6879,no,
JURGEN-9442,no,
JURGEN-2913,no,
JURGEN-1779,no,
JURGEN-1807,no,
JURGEN-3673,no,
JURGEN-7737,no,
JURGEN-8318,no,
JURGEN-2883,no,
JURGEN-1128,no,
JURGEN-8383,no,
JURGEN-2040,no,
JURGEN-2270,no,
JURGEN-6579,no,
JURGEN-3586,no,
JURGEN-7474,no,
JURGEN-4470,no,
JURGEN-9301,no,
JURGEN-0165,no,
JURGEN-0026,no,
JURGEN-5870,no,
JURGEN-7610,no,
JURGEN-7670,no,
JURGEN-4027,no,
JURGEN-9540,no,
JURGEN-1810,no,
JURGEN-7632,no,
JURGEN-4528,no,
JURGEN-5955,no,
JURGEN-5475,no,
JURGEN-7485,no,
JURGEN-9409,no,
JURGEN-6687,no,
JURGEN-0936,no,
JURGEN-9754,no,
JURGEN-6099,no,
JURGEN-5104,no,
JURGEN-5839,no,
JURGEN-9018,no,
JURGEN-0440,no,
JURGEN-7151,no,
JURGEN-1284,no,
JURGEN-5766,no,
JURGEN-5282,no,
JURGEN-0397,no,
JURGEN-2535,no,
JURGEN-4447,no,
JURGEN-7630,no,
JURGEN-1266,no,
JURGEN-0505,no,
JURGEN-4138,no,
JURGEN-7313,no,
JURGEN-9873,no,
JURGEN-6647,no,
JURGEN-2817,no,
JURGEN-8863,no,
JURGEN-7074,no,
JURGEN-5285,no,
JURGEN-9308,no,
JURGEN-4660,no,
JURGEN-8949,no,
JURGEN-9422,no,
JURGEN-3687,no,
JURGEN-0141,no,
JURGEN-6263,no,
JURGEN-0097,no,
JURGEN-9965,no,
JURGEN-8185,no,
JURGEN-4383,no,
JURGEN-4767,no,
JURGEN-5577,no,
JURGEN-2828,no,
JURGEN-2862,no,
JURGEN-7738,no,
JURGEN-5343,no,
JURGEN-5606,no,
JURGEN-5396,no,
JURGEN-5810,no,
JURGEN-8166,no,
JURGEN-7393,no,
JURGEN-7091,no,
JURGEN-4132,no,
JURGEN-9079,no,
JURGEN-9245,no,
JURGEN-8591,no,
JURGEN-6327,no,
JURGEN-2173,no,
JURGEN-0426,no,
JURGEN-3112,no,
JURGEN-8589,no,
JURGEN-5946,no,
JURGEN-6781,no,
JURGEN-1588,no,
JURGEN-8170,no,
JURGEN-8472,no,
JURGEN-3267,no,
JURGEN-4308,no,
JURGEN-9827,no,
JURGEN-8837,no,
JURGEN-0842,no,
JURGEN-4102,no,
JURGEN-3891,no,
JURGEN-5559,no,
JURGEN-0114,no,
JURGEN-9897,no,
JURGEN-9214,no,
JURGEN-1053,no,
JURGEN-5527,no,
JURGEN-8829,no,
JURGEN-9790,no,
JURGEN-7707,no,
JURGEN-8913,no,
JURGEN-0192,no,
JURGEN-8539,no,
JURGEN-7649,no,
JURGEN-0014,no,
JURGEN-5667,no,
JURGEN-8562,no,
JURGEN-1956,no,
JURGEN-3838,no,
JURGEN-1553,no,
JURGEN-5774,no,
JURGEN-8047,no,
JURGEN-8404,no,
JURGEN-9802,no,
JURGEN-9493,no,
JURGEN-8875,no,
JURGEN-4992,no,
JURGEN-2208,no,
JURGEN-7480,no,
JURGEN-4540,no,
JURGEN-5446,no,
JURGEN-4174,no,
JURGEN-2266,no,
JURGEN-2306,no,
JURGEN-2642,no,
JURGEN-6408,no,
JURGEN-5641,no,
JURGEN-3202,no,
JURGEN-7374,no,
JURGEN-5351,no,
JURGEN-6542,no,
JURGEN-6832,no,
JURGEN-8455,no,
JURGEN-2474,no,
JURGEN-5819,no,
JURGEN-0186,no,
JURGEN-5075,no,
JURGEN-8417,no,
JURGEN-0005,no,
JURGEN-8454,no,
JURGEN-4086,no,
JURGEN-7511,no,
JURGEN-8007,no,
JURGEN-0919,no,
JURGEN-0622,no,
JURGEN-4151,no,
JURGEN-3158,no,
JURGEN-3692,no,
JURGEN-9851,no,
JURGEN-8704,no,
JURGEN-5197,no,
JURGEN-4613,no,
JURGEN-5737,no,
JURGEN-3927,no,
JURGEN-3401,no,
JURGEN-4579,no,
JURGEN-0729,no,
JURGEN-4970,no,
JURGEN-1369,no,
JURGEN-2896,no,
JURGEN-1752,no,
JURGEN-4710,no,
JURGEN-3590,no,
JURGEN-2988,no,
JURGEN-2808,no,
JURGEN-8673,no,
JURGEN-2267,no,
JURGEN-9619,no,
JURGEN-5087,no,
JURGEN-1633,no,
JURGEN-3666,no,
JURGEN-8121,no,
JURGEN-6971,no,
JURGEN-7316,no,
JURGEN-9996,no,
JURGEN-8068,no,
JURGEN-5214,no,
JURGEN-3300,no,
JURGEN-1022,no,
JURGEN-1728,no,
JURGEN-6585,no,
JURGEN-7076,no,
JURGEN-9973,no,
JURGEN-9936,no,
JURGEN-0929,no,
JURGEN-8406,no,
JURGEN-4179,no,
JURGEN-9552,no,
JURGEN-5816,no,
JURGEN-6737,no,
JURGEN-7770,no,
JURGEN-3604,no,
JURGEN-4874,no,
JURGEN-4605,no,
JURGEN-5317,no,
JURGEN-6141,no,
JURGEN-1767,no,
JURGEN-6787,no,
JURGEN-0278,no,
JURGEN-1158,no,
JURGEN-3582,no,
JURGEN-3794,no,
JURGEN-8192,no,
JURGEN-7517,no,
JURGEN-9804,no,
JURGEN-9781,no,
JURGEN-6125,no,
JURGEN-2044,no,
JURGEN-2919,no,
JURGEN-6663,no,
JURGEN-7224,no,
JURGEN-6133,no,
JURGEN-8046,no,
JURGEN-8674,no,
JURGEN-6695,no,
JURGEN-4021,no,
JURGEN-1533,no,
JURGEN-3735,no,
JURGEN-6118,no,
JURGEN-9203,no,
JURGEN-3989,no,
JURGEN-0333,no,
JURGEN-4567,no,
JURGEN-9875,no,
JURGEN-9770,no,
JURGEN-9887,no,
JURGEN-7499,no,
JURGEN-5779,no,
JURGEN-1843,no,
JURGEN-6764,no,
JURGEN-2260,no,
JURGEN-7305,no,
JURGEN-3714,no,
JURGEN-4972,no,
JURGEN-6458,no,
JURGEN-1618,no,
JURGEN-1379,no,
JURGEN-4435,no,
JURGEN-5247,no,
JURGEN-1616,no,
JURGEN-1769,no,
JURGEN-9881,no,
JURGEN-5252,no,
JURGEN-2127,no,
JURGEN-5390,no,
JURGEN-4047,no,
JURGEN-2824,no,
JURGEN-3042,no,
JURGEN-5394,no,
JURGEN-7445,no,
JURGEN-9139,no,
JURGEN-4631,no,
JURGEN-7419,no,
JURGEN-2581,no,
JURGEN-7440,no,
JURGEN-0136,no,
JURGEN-1008,no,
JURGEN-1273,no,
JURGEN-6993,no,
JURGEN-9553,no,
JURGEN-2687,no,
JURGEN-8045,no,
JURGEN-4905,no,
JURGEN-4044,no,
JURGEN-0838,no,
JURGEN-0352,no,
JURGEN-9032,no,
JURGEN-7169,no,
JURGEN-8865,no,
JURGEN-8652,no,
JURGEN-6179,no,
JURGEN-7951,no,
JURGEN-8578,no,
JURGEN-3395,no,
JURGEN-9281,no,
JURGEN-4773,no,
JURGEN-6014,no,
JURGEN-5053,no,
JURGEN-6159,no,
JURGEN-3691,no,
JURGEN-4990,no,
JURGEN-9796,no,
JURGEN-5298,no,
JURGEN-1032,no,
JURGEN-5260,no,
JURGEN-4775,no,
JURGEN-5187,no,
JURGEN-1112,no,
JURGEN-0231,no,
JURGEN-6851,no,
JURGEN-9334,no,
JURGEN-3135,no,
JURGEN-7812,no,
JURGEN-0814,no,
JURGEN-9538,no,
JURGEN-6034,no,
JURGEN-5853,no,
JURGEN-2880,no,
JURGEN-4170,no,
JURGEN-3767,no,
JURGEN-5345,no,
JURGEN-7650,no,
JURGEN-4659,no,
JURGEN-8729,no,
JURGEN-6025,no,
JURGEN-9711,no,
JURGEN-3505,no,
JURGEN-1901,no,
JURGEN-2191,no,
JURGEN-8109,no,
JURGEN-2849,no,
JURGEN-0720,no,
JURGEN-9212,no,
JURGEN-4014,no,
JURGEN-7808,no,
JURGEN-4328,no,
JURGEN-9720,no,
JURGEN-3211,no,
JURGEN-0920,no,
JURGEN-9437,no,
JURGEN-9813,no,
JURGEN-8799,no,
JURGEN-2454,no,
JURGEN-3408,no,
JURGEN-8351,no,
JURGEN-0635,no,
JURGEN-6621,no,
JURGEN-6783,no,
JURGEN-6743,no,
JURGEN-3463,no,
JURGEN-9749,no,
JURGEN-4402,no,
JURGEN-4166,no,
JURGEN-3527,no,
JURGEN-0918,no,
JURGEN-6550,no,
JURGEN-8861,no,
JURGEN-6153,no,
JURGEN-3577,no,
JURGEN-8959,no,
JURGEN-4298,no,
JURGEN-1911,no,
JURGEN-3261,no,
JURGEN-8152,no,
JURGEN-0110,no,
JURGEN-6326,no,
JURGEN-2010,no,
JURGEN-0665,no,
JURGEN-2884,no,
JURGEN-0705,no,
JURGEN-0965,no,
JURGEN-4155,no,
JURGEN-1697,no,
JURGEN-7451,no,
JURGEN-6838,no,
JURGEN-2788,no,
JURGEN-5083,no,
JURGEN-8272,no,
JURGEN-1351,no,
JURGEN-7974,no,
JURGEN-3444,no,
JURGEN-6614,no,
JURGEN-8730,no,
JURGEN-4510,no,
JURGEN-9510,no,
JURGEN-8613,no,
JURGEN-5348,no,
JURGEN-1585,no,
JURGEN-8666,no,
JURGEN-3606,no,
JURGEN-2529,no,
JURGEN-0162,no,
JURGEN-9808,no,
JURGEN-6445,no,
JURGEN-9719,no,
JURGEN-6593,no,
JURGEN-0645,no,
JURGEN-5716,no,
JURGEN-5450,no,
JURGEN-9507,no,
JURGEN-9093,no,
JURGEN-6089,no,
JURGEN-5528,no,
JURGEN-0776,no,
JURGEN-9384,no,
JURGEN-4606,no,
JURGEN-7065,no,
JURGEN-4661,no,
JURGEN-3846,no,
JURGEN-6889,no,
JURGEN-1920,no,
JURGEN-5811,no,
JURGEN-8393,no,
JURGEN-3021,no,
JURGEN-5744,no,
JURGEN-2575,no,
JURGEN-9954,no,
JURGEN-6184,no,
JURGEN-7585,no,
JURGEN-4495,no,
JURGEN-8106,no,
JURGEN-0227,no,
JURGEN-3958,no,
JURGEN-5174,no,
JURGEN-5826,no,
JURGEN-5315,no,
JURGEN-0734,no,
JURGEN-4779,no,
JURGEN-6938,no,
JURGEN-9106,no,
JURGEN-3077,no,
JURGEN-4274,no,
JURGEN-9025,no,
JURGEN-2389,no,
JURGEN-4071,no,
JURGEN-2638,no,
JURGEN-4349,no,
JURGEN-6933,no,
JURGEN-7959,no,
JURGEN-9947,no,
JURGEN-4075,no,
JURGEN-4793,no,
JURGEN-2953,no,
JURGEN-9117,no,
JURGEN-2272,no,
JURGEN-2222,no,
JURGEN-2805,no,
JURGEN-3105,no,
JURGEN-1989,no,
JURGEN-5944,no,
JURGEN-9489,no,
JURGEN-6929,no,
JURGEN-3184,no,
JURGEN-3564,no,
JURGEN-4783,no,
JURGEN-7371,no,
JURGEN-5809,no,
JURGEN-5622,no,
JURGEN-8930,no,
JURGEN-4850,no,
JURGEN-9692,no,
JURGEN-0453,no,
JURGEN-1221,no,
JURGEN-9391,no,
JURGEN-9994,no,
JURGEN-8529,no,
JURGEN-9045,no,
JURGEN-8308,no,
JURGEN-5787,no,
JURGEN-6117,no,
JURGEN-3751,no,
JURGEN-2113,no,
JURGEN-5846,no,
JURGEN-3701,no,
JURGEN-2741,no,
JURGEN-1254,no,
JURGEN-6370,no,
JURGEN-6297,no,
JURGEN-8347,no,
JURGEN-8561,no,
JURGEN-7037,no,
JURGEN-5079,no,
JURGEN-7918,no,
JURGEN-3847,no,
JURGEN-5741,no,
JURGEN-6347,no,
JURGEN-4862,no,
JURGEN-7700,no,
JURGEN-1087,no,
JURGEN-6406,no,
JURGEN-0069,no,
JURGEN-9353,no,
JURGEN-0695,no,
JURGEN-5688,no,
JURGEN-7917,no,
JURGEN-7264,no,
JURGEN-7621,no,
JURGEN-3278,no,
JURGEN-7123,no,
JURGEN-0678,no,
JURGEN-4957,no,
JURGEN-2580,no,
JURGEN-1879,no,
JURGEN-2966,no,
JURGEN-6378,no,
JURGEN-0658,no,
JURGEN-4930,no,
JURGEN-0126,no,
JURGEN-6901,no,
JURGEN-1710,no,
JURGEN-9854,no,
JURGEN-0560,no,
JURGEN-1658,no,
JURGEN-3160,no,
JURGEN-3905,no,
JURGEN-9821,no,
JURGEN-3017,no,
JURGEN-4078,no,
JURGEN-4252,no,
JURGEN-2206,no,
JURGEN-6988,no,
JURGEN-9940,no,
JURGEN-5849,no,
JURGEN-3805,no,
JURGEN-3743,no,
JURGEN-5489,no,
JURGEN-3414,no,
JURGEN-5813,no,
JURGEN-2375,no,
JURGEN-1465,no,
JURGEN-1288,no,
JURGEN-2851,no,
JURGEN-2544,no,
JURGEN-6369,no,
JURGEN-0265,no,
JURGEN-7228,no,
JURGEN-3464,no,
JURGEN-5724,no,
JURGEN-7594,no,
JURGEN-6495,no,
JURGEN-9679,no,
JURGEN-3507,no,
JURGEN-1180,no,
JURGEN-1644,no,
JURGEN-6943,no,
JURGEN-8368,no,
JURGEN-7937,no,
JURGEN-9189,no,
JURGEN-5395,no,
JURGEN-4268,no,
JURGEN-5165,no,
JURGEN-2374,no,
JURGEN-7368,no,
JURGEN-7387,no,
JURGEN-2743,no,
JURGEN-8168,no,
JURGEN-1786,no,
JURGEN-9287,no,
JURGEN-4157,no,
JURGEN-7545,no,
JURGEN-5059,no,
JURGEN-0167,no,
JURGEN-2899,no,
JURGEN-6572,no,
JURGEN-9816,no,
JURGEN-4085,no,
JURGEN-5011,no,
JURGEN-7188,no,
JURGEN-5634,no,
JURGEN-0738,no,
JURGEN-8241,no,
JURGEN-4098,no,
JURGEN-8696,no,
JURGEN-4212,no,
JURGEN-8765,no,
JURGEN-9962,no,
JURGEN-8970,no,
JURGEN-8543,no,
JURGEN-0263,no,
JURGEN-2077,no,
JURGEN-7756,no,
JURGEN-6266,no,
JURGEN-3133,no,
JURGEN-6194,no,
JURGEN-2974,no,
JURGEN-6058,no,
JURGEN-5663,no,
JURGEN-0322,no,
JURGEN-9716,no,
JURGEN-0561,no,
JURGEN-2537,no,
JURGEN-7833,no,
JURGEN-8410,no,
JURGEN-0082,no,
JURGEN-1776,no,
JURGEN-8232,no,
JURGEN-7153,no,
JURGEN-8903,no,
JURGEN-5690,no,
JURGEN-1016,no,
JURGEN-1207,no,
JURGEN-7243,no,
JURGEN-0142,no,
JURGEN-2256,no,
JURGEN-3533,no,
JURGEN-9104,no,
JURGEN-8353,no,
JURGEN-7633,no,
JURGEN-4329,no,
JURGEN-9176,no,
JURGEN-8335,no,
JURGEN-4931,no,
JURGEN-4810,no,
JURGEN-9659,no,
JURGEN-9078,no,
JURGEN-1037,no,
JURGEN-4744,no,
JURGEN-7459,no,
JURGEN-6274,no,
JURGEN-8995,no,
JURGEN-1853,no,
JURGEN-1462,no,
JURGEN-4126,no,
JURGEN-0040,no,
JURGEN-8195,no,
JURGEN-7343,no,
JURGEN-4622,no,
JURGEN-9514,no,
JURGEN-7060,no,
JURGEN-0900,no,
JURGEN-2755,no,
JURGEN-4059,no,
JURGEN-5590,no,
JURGEN-3246,no,
JURGEN-9283,no,
JURGEN-9819,no,
JURGEN-3563,no,
JURGEN-7760,no,
JURGEN-3174,no,
JURGEN-8924,no,
JURGEN-3034,no,
JURGEN-2416,no,
JURGEN-5283,no,
JURGEN-5904,no,
JURGEN-6906,no,
JURGEN-6671,no,
JURGEN-6736,no,
JURGEN-2954,no,
JURGEN-3116,no,
JURGEN-3079,no,
JURGEN-7689,no,
JURGEN-2582,no,
JURGEN-3501,no,
JURGEN-7412,no,
JURGEN-9063,no,
JURGEN-4043,no,
JURGEN-2594,no,
JURGEN-4437,no,
JURGEN-8654,no,
JURGEN-6820,no,
JURGEN-3854,no,
JURGEN-9916,no,
JURGEN-3351,no,
JURGEN-7148,no,
JURGEN-6451,no,
JURGEN-3648,no,
JURGEN-8172,no,
JURGEN-5928,no,
JURGEN-7674,no,
JURGEN-4076,no,
JURGEN-8619,no,
JURGEN-7747,no,
JURGEN-0386,no,
JURGEN-8909,no,
JURGEN-1338,no,
JURGEN-7059,no,
JURGEN-2476,no,
JURGEN-7786,no,
JURGEN-6428,no,
JURGEN-1773,no,
JURGEN-5587,no,
JURGEN-8253,no,
JURGEN-2424,no,
JURGEN-5072,no,
JURGEN-0829,no,
JURGEN-8179,no,
JURGEN-7828,no,
JURGEN-9543,no,
JURGEN-5735,no,
JURGEN-3681,no,
JURGEN-4301,no,
JURGEN-3851,no,
JURGEN-9179,no,
JURGEN-2970,no,
JURGEN-6864,no,
JURGEN-7539,no,
JURGEN-6667,no,
JURGEN-1050,no,
JURGEN-0652,no,
JURGEN-2518,no,
JURGEN-7627,no,
JURGEN-3178,no,
JURGEN-4639,no,
JURGEN-6243,no,
JURGEN-8210,no,
JURGEN-2654,no,
JURGEN-3020,no,
JURGEN-1040,no,
JURGEN-5016,no,
JURGEN-3536,no,
JURGEN-1201,no,
JURGEN-8387,no,
JURGEN-1414,no,
JURGEN-7161,no,
JURGEN-4421,no,
JURGEN-6989,no,
JURGEN-8257,no,
JURGEN-6000,no,
JURGEN-9065,no,
JURGEN-6733,no,
JURGEN-5112,no,
JURGEN-7129,no,
JURGEN-2123,no,
JURGEN-0809,no,
JURGEN-7294,no,
JURGEN-6694,no,
JURGEN-6433,no,
JURGEN-9995,no,
JURGEN-9779,no,
JURGEN-7431,no,
JURGEN-6443,no,
JURGEN-7640,no,
JURGEN-4911,no,
JURGEN-9856,no,
JURGEN-0813,no,
JURGEN-8564,no,
JURGEN-2780,no,
JURGEN-1484,no,
JURGEN-3610,no,
JURGEN-4887,no,
JURGEN-1725,no,
JURGEN-9712,no,
JURGEN-2106,no,
JURGEN-9062,no,
JURGEN-3513,no,
JURGEN-8575,no,
JURGEN-4180,no,
JURGEN-0988,no,
JURGEN-5111,no,
JURGEN-9055,no,
JURGEN-7871,no,
JURGEN-0888,no,
JURGEN-3229,no,
JURGEN-4363,no,
JURGEN-5612,no,
JURGEN-0791,no,
JURGEN-9611,no,
JURGEN-6828,no,
JURGEN-4949,no,
JURGEN-3584,no,
JURGEN-0272,no,
JURGEN-2543,no,
JURGEN-2872,no,
JURGEN-4466,no,
JURGEN-6627,no,
JURGEN-6913,no,
JURGEN-1205,no,
JURGEN-6538,no,
JURGEN-6835,no,
JURGEN-6022,no,
JURGEN-1421,no,
JURGEN-1395,no,
JURGEN-4294,no,
JURGEN-1279,no,
JURGEN-0909,no,
JURGEN-6192,no,
JURGEN-4798,no,
JURGEN-6315,no,
JURGEN-1516,no,
JURGEN-3234,no,
JURGEN-2803,no,
JURGEN-5732,no,
JURGEN-4548,no,
JURGEN-0581,no,
JURGEN-6160,no,
JURGEN-2098,no,
JURGEN-4245,no,
JURGEN-7476,no,
JURGEN-1934,no,
JURGEN-1210,no,
JURGEN-4464,no,
JURGEN-9564,no,
JURGEN-9732,no,
JURGEN-2356,no,
JURGEN-1854,no,
JURGEN-1788,no,
JURGEN-3546,no,
JURGEN-9764,no,
JURGEN-3885,no,
JURGEN-8558,no,
JURGEN-3084,no,
JURGEN-4881,no,
JURGEN-0696,no,
JURGEN-4462,no,
JURGEN-5574,no,
JURGEN-6775,no,
JURGEN-8526,no,
JURGEN-2300,no,
JURGEN-4594,no,
JURGEN-1550,no,
JURGEN-5906,no,
JURGEN-2332,no,
JURGEN-8085,no,
JURGEN-7797,no,
JURGEN-0708,no,
JURGEN-8224,no,
JURGEN-7502,no,
JURGEN-5592,no,
JURGEN-2296,no,
JURGEN-8191,no,
JURGEN-2313,no,
JURGEN-5662,no,
JURGEN-8147,no,
JURGEN-2632,no,
JURGEN-9485,no,
JURGEN-1437,no,
JURGEN-1300,no,
JURGEN-6782,no,
JURGEN-4984,no,
JURGEN-2383,no,
JURGEN-4981,no,
JURGEN-4682,no,
JURGEN-9097,no,
JURGEN-9997,no,
JURGEN-0574,no,
JURGEN-7283,no,
JURGEN-5108,no,
JURGEN-7317,no,
JURGEN-5832,no,
JURGEN-5030,no,
JURGEN-3266,no,
JURGEN-1448,no,
JURGEN-3543,no,
JURGEN-6628,no,
JURGEN-9459,no,
JURGEN-2105,no,
JURGEN-5687,no,
JURGEN-7177,no,
JURGEN-8709,no,
JURGEN-0939,no,
JURGEN-9257,no,
JURGEN-3741,no,
JURGEN-8501,no,
JURGEN-8156,no,
JURGEN-7327,no,
JURGEN-2738,no,
JURGEN-4457,no,
JURGEN-7075,no,
JURGEN-8331,no,
JURGEN-9794,no,
JURGEN-6888,no,
JURGEN-9088,no,
JURGEN-7032,no,
JURGEN-1967,no,
JURGEN-6845,no,
JURGEN-7155,no,
JURGEN-0372,no,
JURGEN-9702,no,
JURGEN-2659,no,
JURGEN-3929,no,
JURGEN-6102,no,
JURGEN-5975,no,
JURGEN-8536,no,
JURGEN-6196,no,
JURGEN-4971,no,
JURGEN-1746,no,
JURGEN-3672,no,
JURGEN-6312,no,
JURGEN-2358,no,
JURGEN-8969,no,
JURGEN-6698,no,
JURGEN-1765,no,
JURGEN-5279,no,
JURGEN-2200,no,
JURGEN-5338,no,
JURGEN-6485,no,
JURGEN-5289,no,
JURGEN-7295,no,
JURGEN-8280,no,
JURGEN-6026,no,
JURGEN-0230,no,
JURGEN-9986,no,
JURGEN-9381,no,
JURGEN-3939,no,
JURGEN-9939,no,
JURGEN-8962,no,
JURGEN-5184,no,
JURGEN-2631,no,
JURGEN-8088,no,
JURGEN-1472,no,
JURGEN-8612,no,
JURGEN-5378,no,
JURGEN-3179,no,
JURGEN-9672,no,
JURGEN-2247,no,
JURGEN-3662,no,
JURGEN-7173,no,
JURGEN-0774,no,
JURGEN-1176,no,
JURGEN-5412,no,
JURGEN-6581,no,
JURGEN-0409,no,
JURGEN-3080,no,
JURGEN-7036,no,
JURGEN-8667,no,
JURGEN-9429,no,
JURGEN-0035,no,
JURGEN-4340,no,
JURGEN-7805,no,
JURGEN-2520,no,
JURGEN-2341,no,
JURGEN-4010,no,
JURGEN-9741,no,
JURGEN-3931,no,
JURGEN-7530,no,
JURGEN-1913,no,
JURGEN-2079,no,
JURGEN-0419,no,
JURGEN-4290,no,
JURGEN-6148,no,
JURGEN-9874,no,
JURGEN-9559,no,
JURGEN-1549,no,
JURGEN-0557,no,
JURGEN-0855,no,
JURGEN-5102,no,
JURGEN-7458,no,
JURGEN-4131,no,
JURGEN-5307,no,
JURGEN-9865,no,
JURGEN-6174,no,
JURGEN-1547,no,
JURGEN-4828,no,
JURGEN-3268,no,
JURGEN-1669,no,
JURGEN-3759,no,
JURGEN-5778,no,
JURGEN-0252,no,
JURGEN-7841,no,
JURGEN-0396,no,
JURGEN-9739,no,
JURGEN-7106,no,
JURGEN-6478,no,
JURGEN-1172,no,
JURGEN-5515,no,
JURGEN-8087,no,
JURGEN-0436,no,
JURGEN-8292,no,
JURGEN-0977,no,
JURGEN-8108,no,
JURGEN-9638,no,
JURGEN-3517,no,
JURGEN-2492,no,
JURGEN-8345,no,
JURGEN-4130,no,
JURGEN-6595,no,
JURGEN-5786,no,
JURGEN-4777,no,
JURGEN-9631,no,
JURGEN-8965,no,
JURGEN-7033,no,
JURGEN-9852,no,
JURGEN-7883,no,
JURGEN-5988,no,
JURGEN-1136,no,
JURGEN-6079,no,
JURGEN-3620,no,
JURGEN-1540,no,
JURGEN-1646,no,
JURGEN-9238,no,
JURGEN-8499,no,
JURGEN-2012,no,
JURGEN-3489,no,
JURGEN-6394,no,
JURGEN-6385,no,
JURGEN-8129,no,
JURGEN-3461,no,
JURGEN-4742,no,
JURGEN-7669,no,
JURGEN-4140,no,
JURGEN-7968,no,
JURGEN-1862,no,
JURGEN-4791,no,
JURGEN-6103,no,
JURGEN-4961,no,
JURGEN-4735,no,
JURGEN-2120,no,
JURGEN-6793,no,
JURGEN-3063,no,
JURGEN-7595,no,
JURGEN-9958,no,
JURGEN-2513,no,
JURGEN-0567,no,
JURGEN-8138,no,
JURGEN-8296,no,
JURGEN-6723,no,
JURGEN-8443,no,
JURGEN-1749,no,
JURGEN-9348,no,
JURGEN-0837,no,
JURGEN-4901,no,
JURGEN-4275,no,
JURGEN-5959,no,
JURGEN-4486,no,
JURGEN-5599,no,
JURGEN-9252,no,
JURGEN-0320,no,
JURGEN-6556,no,
JURGEN-3140,no,
JURGEN-2895,no,
JURGEN-5181,no,
JURGEN-3153,no,
JURGEN-5804,no,
JURGEN-3520,no,
JURGEN-9617,no,
JURGEN-1316,no,
JURGEN-5370,no,
JURGEN-0552,no,
JURGEN-5712,no,
JURGEN-9394,no,
JURGEN-3272,no,
JURGEN-9237,no,
JURGEN-0125,no,
JURGEN-8994,no,
JURGEN-5220,no,
JURGEN-5874,no,
JURGEN-2515,no,
JURGEN-9840,no,
JURGEN-9396,no,
JURGEN-5473,no,
JURGEN-0682,no,
JURGEN-7601,no,
JURGEN-6696,no,
JURGEN-3827,no,
JURGEN-2422,no,
JURGEN-9785,no,
JURGEN-3436,no,
JURGEN-7923,no,
JURGEN-5416,no,
JURGEN-3541,no,
JURGEN-1661,no,
JURGEN-9403,no,
JURGEN-1799,no,
JURGEN-4257,no,
JURGEN-3321,no,
JURGEN-3825,no,
JURGEN-6798,no,
JURGEN-2881,no,
JURGEN-1988,no,
JURGEN-3031,no,
JURGEN-8329,no,
JURGEN-2765,no,
JURGEN-9187,no,
JURGEN-9842,no,
JURGEN-7053,no,
JURGEN-5081,no,
JURGEN-0757,no,
JURGEN-6650,no,
JURGEN-4199,no,
JURGEN-3628,no,
JURGEN-8064,no,
JURGEN-0568,no,
JURGEN-0856,no,
JURGEN-3497,no,
JURGEN-7255,no,
JURGEN-8634,no,
JURGEN-1569,no,
JURGEN-9964,no,
JURGEN-6609,no,
JURGEN-4494,no,
JURGEN-8716,no,
JURGEN-9145,no,
JURGEN-1798,no,
JURGEN-8801,no,
JURGEN-0383,no,
JURGEN-2231,no,
JURGEN-5803,no,
JURGEN-2230,no,
JURGEN-1075,no,
JURGEN-0980,no,
JURGEN-7916,no,
JURGEN-6886,no,
JURGEN-3866,no,
JURGEN-0997,no,
JURGEN-8009,no,
JURGEN-4758,no,
JURGEN-6514,no,
JURGEN-0889,no,
JURGEN-1226,no,
JURGEN-6623,no,
JURGEN-4369,no,
JURGEN-1670,no,
JURGEN-5967,no,
JURGEN-8983,no,
JURGEN-8712,no,
JURGEN-5397,no,
JURGEN-4570,no,
JURGEN-2636,no,
JURGEN-7104,no,
JURGEN-3646,no,
JURGEN-1101,no,
JURGEN-6029,no,
JURGEN-5660,no,
JURGEN-1909,no,
JURGEN-5374,no,
JURGEN-8372,no,
JURGEN-0332,no,
JURGEN-2337,no,
JURGEN-1608,no,
JURGEN-6785,no,
JURGEN-7257,no,
JURGEN-0277,no,
JURGEN-7668,no,
JURGEN-9636,no,
JURGEN-0513,no,
JURGEN-2058,no,
JURGEN-3424,no,
JURGEN-4134,no,
JURGEN-9048,no,
JURGEN-9082,no,
JURGEN-6289,no,
JURGEN-4654,no,
JURGEN-9047,no,
JURGEN-2138,no,
JURGEN-2027,no,
JURGEN-1327,no,
JURGEN-0432,no,
JURGEN-7335,no,
JURGEN-2499,no,
JURGEN-8588,no,
JURGEN-2963,no,
JURGEN-2162,no,
JURGEN-4056,no,
JURGEN-1156,no,
JURGEN-3073,no,
JURGEN-7676,no,
JURGEN-8785,no,
JURGEN-7794,no,
JURGEN-1186,no,
JURGEN-3518,no,
JURGEN-8326,no,
JURGEN-3434,no,
JURGEN-4596,no,
JURGEN-7683,no,
JURGEN-8595,no,
JURGEN-6718,no,
JURGEN-3271,no,
JURGEN-6660,no,
JURGEN-4318,no,
JURGEN-8737,no,
JURGEN-6890,no,
JURGEN-0119,no,
JURGEN-6318,no,
JURGEN-3907,no,
JURGEN-1545,no,
JURGEN-0596,no,
JURGEN-0700,no,
JURGEN-0582,no,
JURGEN-3289,no,
JURGEN-4526,no,
JURGEN-1999,no,
JURGEN-8676,no,
JURGEN-8771,no,
JURGEN-4319,no,
JURGEN-0081,no,
JURGEN-7185,no,
JURGEN-6997,no,
JURGEN-0660,no,
JURGEN-2730,no,
JURGEN-3961,no,
JURGEN-4634,no,
JURGEN-3203,no,
JURGEN-0056,no,
JURGEN-7189,no,
JURGEN-5537,no,
JURGEN-7223,no,
JURGEN-2288,no,
JURGEN-7874,no,
JURGEN-0538,no,
JURGEN-8199,no,
JURGEN-7772,no,
JURGEN-9594,no,
JURGEN-8624,no,
JURGEN-2624,no,
JURGEN-6637,no,
JURGEN-3273,no,
JURGEN-4149,no,
JURGEN-5822,no,
JURGEN-5091,no,
JURGEN-7910,no,
JURGEN-3698,no,
JURGEN-9504,no,
JURGEN-7071,no,
JURGEN-6168,no,
JURGEN-1347,no,
JURGEN-3580,no,
JURGEN-7739,no,
JURGEN-7342,no,
JURGEN-6816,no,
JURGEN-4600,no,
JURGEN-6892,no,
JURGEN-0448,no,
JURGEN-4440,no,
JURGEN-4278,no,
JURGEN-9606,no,
JURGEN-3157,no,
JURGEN-9675,no,
JURGEN-7623,no,
JURGEN-7219,no,
JURGEN-6429,no,
JURGEN-2324,no,
JURGEN-7913,no,
JURGEN-0763,no,
JURGEN-6325,no,
JURGEN-7117,no,
JURGEN-8205,no,
JURGEN-2989,no,
JURGEN-1123,no,
JURGEN-0857,no,
JURGEN-2985,no,
JURGEN-8492,no,
JURGEN-8358,no,
JURGEN-1506,no,
JURGEN-2090,no,
JURGEN-5722,no,
JURGEN-7603,no,
JURGEN-1412,no,
JURGEN-7614,no,
JURGEN-9755,no,
JURGEN-8671,no,
JURGEN-8379,no,
JURGEN-3326,no,
JURGEN-0251,no,
JURGEN-3833,no,
JURGEN-0914,no,
JURGEN-3700,no,
JURGEN-3360,no,
JURGEN-9221,no,
JURGEN-3792,no,
JURGEN-1084,no,
JURGEN-2057,no,
JURGEN-0850,no,
JURGEN-3018,no,
JURGEN-2650,no,
JURGEN-9921,no,
JURGEN-7417,no,
JURGEN-9217,no,
JURGEN-9502,no,
JURGEN-5545,no,
JURGEN-2052,no,
JURGEN-2965,no,
JURGEN-8028,no,
JURGEN-7254,no,
JURGEN-5939,no,
JURGEN-7637,no,
JURGEN-1002,no,
JURGEN-4489,no,
JURGEN-3760,no,
JURGEN-5771,no,
JURGEN-7782,no,
JURGEN-3709,no,
JURGEN-3078,no,
JURGEN-5240,no,
JURGEN-2666,no,
JURGEN-5012,no,
JURGEN-0312,no,
JURGEN-8633,no,
JURGEN-9533,no,
JURGEN-0430,no,
JURGEN-9303,no,
JURGEN-4896,no,
JURGEN-6702,no,
JURGEN-1445,no,
JURGEN-9419,no,
JURGEN-3459,no,
JURGEN-6399,no,
JURGEN-7654,no,
JURGEN-9951,no,
JURGEN-8783,no,
JURGEN-3071,no,
JURGEN-6985,no,
JURGEN-2041,no,
JURGEN-6773,no,
JURGEN-4256,no,
JURGEN-4352,no,
JURGEN-2362,no,
JURGEN-6440,no,
JURGEN-6177,no,
JURGEN-4716,no,
JURGEN-5226,no,
JURGEN-0587,no,
JURGEN-1198,no,
JURGEN-5496,no,
JURGEN-0760,no,
JURGEN-4580,no,
JURGEN-3235,no,
JURGEN-2111,no,
JURGEN-4939,no,
JURGEN-7879,no,
JURGEN-7541,no,
JURGEN-6573,no,
JURGEN-1794,no,
JURGEN-2335,no,
JURGEN-7099,no,
JURGEN-0054,no,
JURGEN-3468,no,
JURGEN-6560,no,
JURGEN-2354,no,
JURGEN-0817,no,
JURGEN-3802,no,
JURGEN-8957,no,
JURGEN-9725,no,
JURGEN-0017,no,
JURGEN-7955,no,
JURGEN-7557,no,
JURGEN-2994,no,
JURGEN-9416,no,
JURGEN-9957,no,
JURGEN-1036,no,
JURGEN-2495,no,
JURGEN-2326,no,
JURGEN-0558,no,
JURGEN-7914,no,
JURGEN-7021,no,
JURGEN-7592,no,
JURGEN-9183,no,
JURGEN-9438,no,
JURGEN-2830,no,
JURGEN-2186,no,
JURGEN-5644,no,
JURGEN-1231,no,
JURGEN-3102,no,
JURGEN-4575,no,
JURGEN-2301,no,
JURGEN-1928,no,
JURGEN-8131,no,
JURGEN-6693,no,
JURGEN-9026,no,
JURGEN-2472,no,
JURGEN-6082,no,
JURGEN-0390,no,
JURGEN-7410,no,
JURGEN-0319,no,
JURGEN-9799,no,
JURGEN-3227,no,
JURGEN-5393,no,
JURGEN-8603,no,
JURGEN-0075,no,
JURGEN-0405,no,
JURGEN-3495,no,
JURGEN-1398,no,
JURGEN-4546,no,
JURGEN-0573,no,
JURGEN-3356,no,
JURGEN-0726,no,
JURGEN-6483,no,
JURGEN-8697,no,
JURGEN-7970,no,
JURGEN-2786,no,
JURGEN-4895,no,
JURGEN-6070,no,
JURGEN-1657,no,
JURGEN-4665,no,
JURGEN-3485,no,
JURGEN-7448,no,
JURGEN-7180,no,
JURGEN-3605,no,
JURGEN-1744,no,
JURGEN-1239,no,
JURGEN-9110,no,
JURGEN-8391,no,
JURGEN-7334,no,
JURGEN-1649,no,
JURGEN-3019,no,
JURGEN-1268,no,
JURGEN-4924,no,
JURGEN-8681,no,
JURGEN-0422,no,
JURGEN-4284,no,
JURGEN-7101,no,
JURGEN-2955,no,
JURGEN-5734,no,
JURGEN-0880,no,
JURGEN-9219,no,
JURGEN-5677,no,
JURGEN-9305,no,
JURGEN-9795,no,
JURGEN-4238,no,
JURGEN-1453,no,
JURGEN-6017,no,
JURGEN-4089,no,
JURGEN-5364,no,
JURGEN-6434,no,
JURGEN-8590,no,
JURGEN-7992,no,
JURGEN-1406,no,
JURGEN-0344,no,
JURGEN-6122,no,
JURGEN-0083,no,
JURGEN-7935,no,
JURGEN-9393,no,
JURGEN-0566,no,
JURGEN-0741,no,
JURGEN-7892,no,
JURGEN-4306,no,
JURGEN-4240,no,
JURGEN-7685,no,
JURGEN-2756,no,
JURGEN-7494,no,
JURGEN-3954,no,
JURGEN-2986,no,
JURGEN-4197,no,
JURGEN-5154,no,
JURGEN-0680,no,
JURGEN-8657,no,
JURGEN-9484,no,
JURGEN-7505,no,
JURGEN-5502,no,
JURGEN-6195,no,
JURGEN-0885,no,
JURGEN-3275,no,
JURGEN-9306,no,
JURGEN-1034,no,
JURGEN-2795,no,
JURGEN-2129,no,
JURGEN-5569,no,
JURGEN-7961,no,
JURGEN-7350,no,
JURGEN-7089,no,
JURGEN-1737,no,
JURGEN-0668,no,
JURGEN-1808,no,
JURGEN-4070,no,
JURGEN-1762,no,
JURGEN-2367,no,
JURGEN-8710,no,
JURGEN-7135,no,
JURGEN-0698,no,
JURGEN-1715,no,
JURGEN-2697,no,
JURGEN-8644,no,
JURGEN-2493,no,
JURGEN-2441,no,
JURGEN-0194,no,
JURGEN-8718,no,
JURGEN-8320,no,
JURGEN-1757,no,
JURGEN-6755,no,
JURGEN-4055,no,
JURGEN-3398,no,
JURGEN-6219,no,
JURGEN-3353,no,
JURGEN-7559,no,
JURGEN-5602,no,
JURGEN-7325,no,
JURGEN-4813,no,
JURGEN-5730,no,
JURGEN-5524,no,
JURGEN-2933,no,
JURGEN-3216,no,
JURGEN-5661,no,
JURGEN-4833,no,
JURGEN-9557,no,
JURGEN-7985,no,
JURGEN-9605,no,
JURGEN-1532,no,
JURGEN-5891,no,
JURGEN-2732,no,
JURGEN-7687,no,
JURGEN-6233,no,
JURGEN-0985,no,
JURGEN-4312,no,
JURGEN-1634,no,
JURGEN-3769,no,
JURGEN-5971,no,
JURGEN-4452,no,
JURGEN-0150,no,
JURGEN-4068,no,
JURGEN-7823,no,
JURGEN-1428,no,
JURGEN-2254,no,
JURGEN-7779,no,
JURGEN-8421,no,
JURGEN-0517,no,
JURGEN-6715,no,
JURGEN-8291,no,
JURGEN-5508,no,
JURGEN-4467,no,
JURGEN-6952,no,
JURGEN-1592,no,
JURGEN-8013,no,
JURGEN-4017,no,
JURGEN-2990,no,
JURGEN-0514,no,
JURGEN-0427,no,
JURGEN-0048,no,
JURGEN-6751,no,
JURGEN-4745,no,
JURGEN-9714,no,
JURGEN-5700,no,
JURGEN-9113,no,
JURGEN-7421,no,
JURGEN-4936,no,
JURGEN-7847,no,
JURGEN-2073,no,
JURGEN-1275,no,
JURGEN-4280,no,
JURGEN-7159,no,
JURGEN-1577,no,
JURGEN-9193,no,
JURGEN-3982,no,
JURGEN-7391,no,
JURGEN-0337,no,
JURGEN-0945,no,
JURGEN-8719,no,
JURGEN-3665,no,
JURGEN-4542,no,
JURGEN-9944,no,
JURGEN-8005,no,
JURGEN-9625,no,
JURGEN-6380,no,
JURGEN-3554,no,
JURGEN-1741,no,
JURGEN-2379,no,
JURGEN-4415,no,
JURGEN-8638,no,
JURGEN-9496,no,
JURGEN-5421,no,
JURGEN-8144,no,
JURGEN-5843,no,
JURGEN-0864,no,
JURGEN-3242,no,
JURGEN-5255,no,
JURGEN-5673,no,
JURGEN-5280,no,
JURGEN-1267,no,
JURGEN-4194,no,
JURGEN-0933,no,
JURGEN-7211,no,
JURGEN-2137,no,
JURGEN-4549,no,
JURGEN-1441,no,
JURGEN-8408,no,
JURGEN-0743,no,
JURGEN-0003,no,
JURGEN-2340,no,
JURGEN-1965,no,
JURGEN-9635,no,
JURGEN-3938,no,
JURGEN-3410,no,
JURGEN-0034,no,
JURGEN-9780,no,
JURGEN-4250,no,
JURGEN-4474,no,
JURGEN-4465,no,
JURGEN-5455,no,
JURGEN-7663,no,
JURGEN-6031,no,
JURGEN-7087,no,
JURGEN-0225,no,
JURGEN-4656,no,
JURGEN-8067,no,
JURGEN-9979,no,
JURGEN-5941,no,
JURGEN-5379,no,
JURGEN-5751,no,
JURGEN-2352,no,
JURGEN-7162,no,
JURGEN-6712,no,
JURGEN-2798,no,
JURGEN-6509,no,
JURGEN-8112,no,
JURGEN-3323,no,
JURGEN-5598,no,
JURGEN-9223,no,
JURGEN-3263,no,
JURGEN-7061,no,
JURGEN-0415,no,
JURGEN-0039,no,
JURGEN-8273,no,
JURGEN-3469,no,
JURGEN-7787,no,
JURGEN-9108,no,
JURGEN-2392,no,
JURGEN-1367,no,
JURGEN-1963,no,
JURGEN-0256,no,
JURGEN-2540,no,
JURGEN-7644,no,
JURGEN-5671,no,
JURGEN-5316,no,
JURGEN-8423,no,
JURGEN-0113,no,
JURGEN-6797,no,
JURGEN-9910,no,
JURGEN-3680,no,
JURGEN-3219,no,
JURGEN-2892,no,
JURGEN-3397,no,
JURGEN-1867,no,
JURGEN-4121,no,
JURGEN-4610,no,
JURGEN-1974,no,
JURGEN-7642,no,
JURGEN-3108,no,
JURGEN-1501,no,
JURGEN-2747,no,
JURGEN-9129,no,
JURGEN-0201,no,
JURGEN-9762,no,
JURGEN-4718,no,
JURGEN-7407,no,
JURGEN-6363,no,
JURGEN-8255,no,
JURGEN-9136,no,
JURGEN-2590,no,
JURGEN-6462,no,
JURGEN-0767,no,
JURGEN-0359,no,
JURGEN-9440,no,
JURGEN-1582,no,
JURGEN-0937,no,
JURGEN-7824,no,
JURGEN-2629,no,
JURGEN-5092,no,
JURGEN-8011,no,
JURGEN-0399,no,
JURGEN-5228,no,
JURGEN-1845,no,
JURGEN-5028,no,
JURGEN-8537,no,
JURGEN-8971,no,
JURGEN-7619,no,
JURGEN-0388,no,
JURGEN-2564,no,
JURGEN-2861,no,
JURGEN-5653,no,
JURGEN-5915,no,
JURGEN-3567,no,
JURGEN-2952,no,
JURGEN-2156,no,
JURGEN-7115,no,
JURGEN-8414,no,
JURGEN-3613,no,
JURGEN-2390,no,
JURGEN-4142,no,
JURGEN-9537,no,
JURGEN-9673,no,
JURGEN-1374,no,
JURGEN-8359,no,
JURGEN-7386,no,
JURGEN-8573,no,
JURGEN-6792,no,
JURGEN-7009,no,
JURGEN-9228,no,
JURGEN-2466,no,
JURGEN-7836,no,
JURGEN-4582,no,
JURGEN-4128,no,
JURGEN-7710,no,
JURGEN-1247,no,
JURGEN-5107,no,
JURGEN-6165,no,
JURGEN-8525,no,
JURGEN-9386,no,
JURGEN-4183,no,
JURGEN-2414,no,
JURGEN-5442,no,
JURGEN-0990,no,
JURGEN-7730,no,
JURGEN-0472,no,
JURGEN-0164,no,
JURGEN-5643,no,
JURGEN-3500,no,
JURGEN-6761,no,
JURGEN-4737,no,
JURGEN-7014,no,
JURGEN-9105,no,
JURGEN-1848,no,
JURGEN-4344,no,
JURGEN-9216,no,
JURGEN-3781,no,
JURGEN-2290,no,
JURGEN-9723,no,
JURGEN-4081,no,
JURGEN-8136,no,
JURGEN-1914,no,
JURGEN-1993,no,
JURGEN-9884,no,
JURGEN-6994,no,
JURGEN-5090,no,
JURGEN-9978,no,
JURGEN-5579,no,
JURGEN-2233,no,
JURGEN-6459,no,
JURGEN-8420,no,
JURGEN-2695,no,
JURGEN-6011,no,
JURGEN-2038,no,
JURGEN-4953,no,
JURGEN-8043,no,
JURGEN-4878,no,
JURGEN-8196,no,
JURGEN-0384,no,
JURGEN-5323,no,
JURGEN-2443,no,
JURGEN-4677,no,
JURGEN-8225,no,
JURGEN-8123,no,
JURGEN-9444,no,
JURGEN-0197,no,
JURGEN-5373,no,
JURGEN-4916,no,
JURGEN-7134,no,
JURGEN-9773,no,
JURGEN-3051,no,
JURGEN-9083,no,
JURGEN-7948,no,
JURGEN-4496,no,
JURGEN-6885,no,
JURGEN-9989,no,
JURGEN-4979,no,
JURGEN-8133,no,
JURGEN-1196,no,
JURGEN-2399,no,
JURGEN-0104,no,
JURGEN-8094,no,
JURGEN-0116,no,
JURGEN-0732,no,
JURGEN-8821,no,
JURGEN-8605,no,
JURGEN-1488,no,
JURGEN-3787,no,
JURGEN-0458,no,
JURGEN-5125,no,
JURGEN-8514,no,
JURGEN-2561,no,
JURGEN-2607,no,
JURGEN-2088,no,
JURGEN-2467,no,
JURGEN-4502,no,
JURGEN-2865,no,
JURGEN-4348,no,
JURGEN-4802,no,
JURGEN-8881,no,
JURGEN-6083,no,
JURGEN-2355,no,
JURGEN-5243,no,
JURGEN-3612,no,
JURGEN-4937,no,
JURGEN-4995,no,
JURGEN-5649,no,
JURGEN-8265,no,
JURGEN-4956,no,
JURGEN-3075,no,
JURGEN-1396,no,
JURGEN-4049,no,
JURGEN-7821,no,
JURGEN-4954,no,
JURGEN-7781,no,
JURGEN-1425,no,
JURGEN-5349,no,
JURGEN-0530,no,
JURGEN-7016,no,
JURGEN-6417,no,
JURGEN-7536,no,
JURGEN-0816,no,
JURGEN-2701,no,
JURGEN-6395,no,
JURGEN-5047,no,
JURGEN-7927,no,
JURGEN-6558,no,
JURGEN-3890,no,
JURGEN-2136,no,
JURGEN-3046,no,
JURGEN-4729,no,
JURGEN-0437,no,
JURGEN-3859,no,
JURGEN-1709,no,
JURGEN-7859,no,
JURGEN-1760,no,
JURGEN-6334,no,
JURGEN-6794,no,
JURGEN-5313,no,
JURGEN-8264,no,
JURGEN-5617,no,
JURGEN-2425,no,
JURGEN-2599,no,
JURGEN-1612,no,
JURGEN-5935,no,
JURGEN-2320,no,
JURGEN-5055,no,
JURGEN-1892,no,
JURGEN-3302,no,
JURGEN-2731,no,
JURGEN-2149,no,
JURGEN-1784,no,
JURGEN-3782,no,
JURGEN-7512,no,
JURGEN-1391,no,
JURGEN-9470,no,
JURGEN-1642,no,
JURGEN-5097,no,
JURGEN-8083,no,
JURGEN-4487,no,
JURGEN-4264,no,
JURGEN-4476,no,
JURGEN-6946,no,
JURGEN-0812,no,
JURGEN-0751,no,
JURGEN-5868,no,
JURGEN-4277,no,
JURGEN-0403,no,
JURGEN-9492,no,
JURGEN-4083,no,
JURGEN-2982,no,
JURGEN-1666,no,
JURGEN-0523,no,
JURGEN-9676,no,
JURGEN-7733,no,
JURGEN-2188,no,
JURGEN-3350,no,
JURGEN-1124,no,
JURGEN-7469,no,
JURGEN-3043,no,
JURGEN-1098,no,
JURGEN-7865,no,
JURGEN-8378,no,
JURGEN-2854,no,
JURGEN-4612,no,
JURGEN-2751,no,
JURGEN-1694,no,
JURGEN-6321,no,
JURGEN-4427,no,
JURGEN-5131,no,
JURGEN-1218,no,
JURGEN-9068,no,
JURGEN-4713,no,
JURGEN-9273,no,
JURGEN-4903,no,
JURGEN-1916,no,
JURGEN-6984,no,
JURGEN-8584,no,
JURGEN-5272,no,
JURGEN-9289,no,
JURGEN-1114,no,
JURGEN-4672,no,
JURGEN-0865,no,
JURGEN-4662,no,
JURGEN-8325,no,
JURGEN-6987,no,
JURGEN-2960,no,
JURGEN-3810,no,
JURGEN-1117,no,
JURGEN-2504,no,
JURGEN-8290,no,
JURGEN-9515,no,
JURGEN-2406,no,
JURGEN-1998,no,
JURGEN-9509,no,
JURGEN-7285,no,
JURGEN-6081,no,
JURGEN-3652,no,
JURGEN-5132,no,
JURGEN-4898,no,
JURGEN-1458,no,
JURGEN-1343,no,
JURGEN-3964,no,
JURGEN-2022,no,
JURGEN-5363,no,
JURGEN-0305,no,
JURGEN-6171,no,
JURGEN-5807,no,
JURGEN-1001,no,
JURGEN-3089,no,
JURGEN-7206,no,
JURGEN-3163,no,
JURGEN-2036,no,
JURGEN-4687,no,
JURGEN-3407,no,
JURGEN-0400,no,
JURGEN-6586,no,
JURGEN-2223,no,
JURGEN-1955,no,
JURGEN-9931,no,
JURGEN-8288,no,
JURGEN-0240,no,
JURGEN-6686,no,
JURGEN-5956,no,
JURGEN-8867,no,
JURGEN-8953,no,
JURGEN-2625,no,
JURGEN-4620,no,
JURGEN-8444,no,
JURGEN-1985,no,
JURGEN-7402,no,
JURGEN-4854,no,
JURGEN-4736,no,
JURGEN-6848,no,
JURGEN-8615,no,
JURGEN-6915,no,
JURGEN-0849,no,
JURGEN-0314,no,
JURGEN-6199,no,
JURGEN-4419,no,
JURGEN-0781,no,
JURGEN-5969,no,
JURGEN-5863,no,
JURGEN-3703,no,
JURGEN-3904,no,
JURGEN-7720,no,
JURGEN-4848,no,
JURGEN-3979,no,
JURGEN-2232,no,
JURGEN-5896,no,
JURGEN-2588,no,
JURGEN-4247,no,
JURGEN-4814,no,
JURGEN-4900,no,
JURGEN-4293,no,
JURGEN-8938,no,
JURGEN-6413,no,
JURGEN-9950,no,
JURGEN-2161,no,
JURGEN-9938,no,
JURGEN-9009,no,
JURGEN-9998,no,
JURGEN-5498,no,
JURGEN-6140,no,
JURGEN-2083,no,
JURGEN-3001,no,
JURGEN-4511,no,
JURGEN-6481,no,
JURGEN-4966,no,
JURGEN-3733,no,
JURGEN-2497,no,
JURGEN-7281,no,
JURGEN-1930,no,
JURGEN-6545,no,
JURGEN-2226,no,
JURGEN-9153,no,
JURGEN-2512,no,
JURGEN-2546,no,
JURGEN-8003,no,
JURGEN-4414,no,
JURGEN-9604,no,
JURGEN-5827,no,
JURGEN-0483,no,
JURGEN-6293,no,
JURGEN-7422,no,
JURGEN-4258,no,
JURGEN-0451,no,
JURGEN-0646,no,
JURGEN-3655,no,
JURGEN-9120,no,
JURGEN-9793,no,
JURGEN-7688,no,
JURGEN-8349,no,
JURGEN-4460,no,
JURGEN-2641,no,
JURGEN-4673,no,
JURGEN-6115,no,
JURGEN-1548,no,
JURGEN-0325,no,
JURGEN-0508,no,
JURGEN-9647,no,
JURGEN-6091,no,
JURGEN-1261,no,
JURGEN-4708,no,
JURGEN-4483,no,
JURGEN-9547,no,
JURGEN-0059,no,
JURGEN-0334,no,
JURGEN-2150,no,
JURGEN-7929,no,
JURGEN-6086,no,
JURGEN-8675,no,
JURGEN-5447,no,
JURGEN-3678,no,
JURGEN-1007,no,
JURGEN-1578,no,
JURGEN-1558,no,
JURGEN-8302,no,
JURGEN-5115,no,
JURGEN-2750,no,
JURGEN-8650,no,
JURGEN-7318,no,
JURGEN-3213,no,
JURGEN-4681,no,
JURGEN-3617,no,
JURGEN-6272,no,
JURGEN-0112,no,
JURGEN-1035,no,
JURGEN-9246,no,
JURGEN-2193,no,
JURGEN-5281,no,
JURGEN-4615,no,
JURGEN-0378,no,
JURGEN-2431,no,
JURGEN-9472,no,
JURGEN-8813,no,
JURGEN-0223,no,
JURGEN-6071,no,
JURGEN-6924,no,
JURGEN-8430,no,
JURGEN-0632,no,
JURGEN-8480,no,
JURGEN-4985,no,
JURGEN-5629,no,
JURGEN-0834,no,
JURGEN-4823,no,
JURGEN-9335,no,
JURGEN-9694,no,
JURGEN-5513,no,
JURGEN-2585,no,
JURGEN-1847,no,
JURGEN-8300,no,
JURGEN-8433,no,
JURGEN-1860,no,
JURGEN-5268,no,
JURGEN-5674,no,
JURGEN-2601,no,
JURGEN-2725,no,
JURGEN-5005,no,
JURGEN-7144,no,
JURGEN-7675,no,
JURGEN-7907,no,
JURGEN-8851,no,
JURGEN-3780,no,
JURGEN-6675,no,
JURGEN-0903,no,
JURGEN-5224,no,
JURGEN-0085,no,
JURGEN-7967,no,
JURGEN-9498,no,
JURGEN-8161,no,
JURGEN-6076,no,
JURGEN-5227,no,
JURGEN-9558,no,
JURGEN-3694,no,
JURGEN-9627,no,
JURGEN-8571,no,
JURGEN-9642,no,
JURGEN-3318,no,
JURGEN-3848,no,
JURGEN-7962,no,
JURGEN-6606,no,
JURGEN-4096,no,
JURGEN-2834,no,
JURGEN-2781,no,
JURGEN-1169,no,
JURGEN-6063,no,
JURGEN-6296,no,
JURGEN-9365,no,
JURGEN-4967,no,
JURGEN-9210,no,
JURGEN-0408,no,
JURGEN-9524,no,
JURGEN-4224,no,
JURGEN-5709,no,
JURGEN-0835,no,
JURGEN-9198,no,
JURGEN-5764,no,
JURGEN-1191,no,
JURGEN-5021,no,
JURGEN-3669,no,
JURGEN-6981,no,
JURGEN-4103,no,
JURGEN-9769,no,
JURGEN-2612,no,
JURGEN-5292,no,
JURGEN-9811,no,
JURGEN-9099,no,
JURGEN-1459,no,
JURGEN-5440,no,
JURGEN-1915,no,
JURGEN-7237,no,
JURGEN-1157,no,
JURGEN-8870,no,
JURGEN-9830,no,
JURGEN-4160,no,
JURGEN-1430,no,
JURGEN-1995,no,
JURGEN-2160,no,
JURGEN-9407,no,
JURGEN-7220,no,
JURGEN-9495,no,
JURGEN-8767,no,
JURGEN-3686,no,
JURGEN-8617,no,
JURGEN-9186,no,
JURGEN-0629,no,
JURGEN-8277,no,
JURGEN-4299,no,
JURGEN-0304,no,
JURGEN-9740,no,
JURGEN-1495,no,
JURGEN-9982,no,
JURGEN-4868,no,
JURGEN-4812,no,
JURGEN-5984,no,
JURGEN-7906,no,
JURGEN-7384,no,
JURGEN-0723,no,
JURGEN-2593,no,
JURGEN-8251,no,
JURGEN-6668,no,
JURGEN-6912,no,
JURGEN-1015,no,
JURGEN-4127,no,
JURGEN-3233,no,
JURGEN-5474,no,
JURGEN-3476,no,
JURGEN-1077,no,
JURGEN-7678,no,
JURGEN-4834,no,
JURGEN-1842,no,
JURGEN-9226,no,
JURGEN-1992,no,
JURGEN-4782,no,
JURGEN-7855,no,
JURGEN-6972,no,
JURGEN-1874,no,
JURGEN-0623,no,
JURGEN-0423,no,
JURGEN-1572,no,
JURGEN-9522,no,
JURGEN-5578,no,
JURGEN-5330,no,
JURGEN-3450,no,
JURGEN-8432,no,
JURGEN-1471,no,
JURGEN-2312,no,
JURGEN-2413,no,
JURGEN-8923,no,
JURGEN-1716,no,
JURGEN-5901,no,
JURGEN-8010,no,
JURGEN-8165,no,
JURGEN-3387,no,
JURGEN-4840,no,
JURGEN-1274,no,
JURGEN-6659,no,
JURGEN-0598,no,
JURGEN-0876,no,
JURGEN-8692,no,
JURGEN-5675,no,
JURGEN-0871,no,
JURGEN-5657,no,
JURGEN-0447,no,
JURGEN-1522,no,
JURGEN-4255,no,
JURGEN-4052,no,
JURGEN-1257,no,
JURGEN-6444,no,
JURGEN-3333,no,
JURGEN-7164,no,
JURGEN-2724,no,
JURGEN-1647,no,
JURGEN-8450,no,
JURGEN-7296,no,
JURGEN-2321,no,
JURGEN-6961,no,
JURGEN-4386,no,
JURGEN-8081,no,
JURGEN-4077,no,
JURGEN-2617,no,
JURGEN-6499,no,
JURGEN-6111,no,
JURGEN-0636,no,
JURGEN-2699,no,
JURGEN-6768,no,
JURGEN-3121,no,
JURGEN-7645,no,
JURGEN-2311,no,
JURGEN-2169,no,
JURGEN-5532,no,
JURGEN-9345,no,
JURGEN-1750,no,
JURGEN-7636,no,
JURGEN-4712,no,
JURGEN-3431,no,
JURGEN-7799,no,
JURGEN-7286,no,
JURGEN-0089,no,
JURGEN-8602,no,
JURGEN-8637,no,
JURGEN-7383,no,
JURGEN-0260,no,
JURGEN-8967,no,
JURGEN-5311,no,
JURGEN-0323,no,
JURGEN-7116,no,
JURGEN-8431,no,
JURGEN-2722,no,
JURGEN-5637,no,
JURGEN-8360,no,
JURGEN-6340,no,
JURGEN-1376,no,
JURGEN-6897,no,
JURGEN-8840,no,
JURGEN-3718,no,
JURGEN-4706,no,
JURGEN-2146,no,
JURGEN-7513,no,
JURGEN-7307,no,
JURGEN-5308,no,
JURGEN-5454,no,
JURGEN-9043,no,
JURGEN-2229,no,
JURGEN-3663,no,
JURGEN-7840,no,
JURGEN-4666,no,
JURGEN-0160,no,
JURGEN-0124,no,
JURGEN-9358,no,
JURGEN-0175,no,
JURGEN-5388,no,
JURGEN-9200,no,
JURGEN-3009,no,
JURGEN-8774,no,
JURGEN-9487,no,
JURGEN-6277,no,
JURGEN-3069,no,
JURGEN-7487,no,
JURGEN-0368,no,
JURGEN-8062,no,
JURGEN-2587,no,
JURGEN-7648,no,
JURGEN-5552,no,
JURGEN-6923,no,
JURGEN-5223,no,
JURGEN-3101,no,
JURGEN-3632,no,
JURGEN-9880,no,
JURGEN-3097,no,
JURGEN-8332,no,
JURGEN-4232,no,
JURGEN-1409,no,
JURGEN-0025,no,
JURGEN-2604,no,
JURGEN-5130,no,
JURGEN-2728,no,
JURGEN-9748,no,
JURGEN-5380,no,
JURGEN-4336,no,
JURGEN-9929,no,
JURGEN-4864,no,
JURGEN-9408,no,
JURGEN-5326,no,
JURGEN-8988,no,
JURGEN-6777,no,
JURGEN-8162,no,
JURGEN-8041,no,
JURGEN-1896,no,
JURGEN-9721,no,
JURGEN-6571,no,
JURGEN-0154,no,
JURGEN-4358,no,
JURGEN-4655,no,
JURGEN-0452,no,
JURGEN-6260,no,
JURGEN-2576,no,
JURGEN-3565,no,
JURGEN-0669,no,
JURGEN-0790,no,
JURGEN-0224,no,
JURGEN-1898,no,
JURGEN-9792,no,
JURGEN-1836,no,
JURGEN-2132,no,
JURGEN-1162,no,
JURGEN-1812,no,
JURGEN-9629,no,
JURGEN-5038,no,
JURGEN-1151,no,
JURGEN-4794,no,
JURGEN-3631,no,
JURGEN-1411,no,
JURGEN-2279,no,
JURGEN-6448,no,
JURGEN-6432,no,
JURGEN-4436,no,
JURGEN-6734,no,
JURGEN-0792,no,
JURGEN-5129,no,
JURGEN-2207,no,
JURGEN-2835,no,
JURGEN-7225,no,
JURGEN-1601,no,
JURGEN-5278,no,
JURGEN-1537,no,
JURGEN-3812,no,
JURGEN-8459,no,
JURGEN-0518,no,
JURGEN-3349,no,
JURGEN-9387,no,
JURGEN-0882,no,
JURGEN-9390,no,
JURGEN-4192,no,
JURGEN-3945,no,
JURGEN-5312,no,
JURGEN-9926,no,
JURGEN-9243,no,
JURGEN-6898,no,
JURGEN-0065,no,
JURGEN-9446,no,
JURGEN-0969,no,
JURGEN-6601,no,
JURGEN-8805,no,
JURGEN-3111,no,
JURGEN-1479,no,
JURGEN-1527,no,
JURGEN-1174,no,
JURGEN-6602,no,
JURGEN-1349,no,
JURGEN-4185,no,
JURGEN-4393,no,
JURGEN-1282,no,
JURGEN-1291,no,
JURGEN-1924,no,
JURGEN-5506,no,
JURGEN-4740,no,
JURGEN-7870,no,
JURGEN-0891,no,
JURGEN-1265,no,
JURGEN-2482,no,
JURGEN-4444,no,
JURGEN-9752,no,
JURGEN-4398,no,
JURGEN-3277,no,
JURGEN-6928,no,
JURGEN-6311,no,
JURGEN-3645,no,
JURGEN-3793,no,
JURGEN-3699,no,
JURGEN-9630,no,
JURGEN-2147,no,
JURGEN-8073,no,
JURGEN-0459,no,
JURGEN-8825,no,
JURGEN-0473,no,
JURGEN-5931,no,
JURGEN-9350,no,
JURGEN-2592,no,
JURGEN-8208,no,
JURGEN-1758,no,
JURGEN-9575,no,
JURGEN-6126,no,
JURGEN-7192,no,
JURGEN-7201,no,
JURGEN-9976,no,
JURGEN-7661,no,
JURGEN-4815,no,
JURGEN-4050,no,
JURGEN-4730,no,
JURGEN-3250,no,
JURGEN-4347,no,
JURGEN-2713,no,
JURGEN-0460,no,
JURGEN-3826,no,
JURGEN-7520,no,
JURGEN-0007,no,
JURGEN-3651,no,
JURGEN-1514,no,
JURGEN-2959,no,
JURGEN-0770,no,
JURGEN-8215,no,
JURGEN-2197,no,
JURGEN-4778,no,
JURGEN-5114,no,
JURGEN-3867,no,
JURGEN-7063,no,
JURGEN-5141,no,
JURGEN-2286,no,
JURGEN-8242,no,
JURGEN-5686,no,
JURGEN-2006,no,
JURGEN-6590,no,
JURGEN-8609,no,
JURGEN-5265,no,
JURGEN-1066,no,
JURGEN-7544,no,
JURGEN-3212,no,
JURGEN-8048,no,
JURGEN-5719,no,
JURGEN-7751,no,
JURGEN-7629,no,
JURGEN-1897,no,
JURGEN-2962,no,
JURGEN-6060,no,
JURGEN-0549,no,
JURGEN-1615,no,
JURGEN-1927,no,
JURGEN-5052,no,
JURGEN-9682,no,
JURGEN-1167,no,
JURGEN-1052,no,
JURGEN-7564,no,
JURGEN-7029,no,
JURGEN-6208,no,
JURGEN-3195,no,
JURGEN-9029,no,
JURGEN-1018,no,
JURGEN-9089,no,
JURGEN-9196,no,
JURGEN-3876,no,
JURGEN-8544,no,
JURGEN-3552,no,
JURGEN-3800,no,
JURGEN-3487,no,
JURGEN-9668,no,
JURGEN-7024,no,
JURGEN-5604,no,
JURGEN-0067,no,
JURGEN-2236,no,
JURGEN-7639,no,
JURGEN-3999,no,
JURGEN-8937,no,
JURGEN-6970,no,
JURGEN-8702,no,
JURGEN-2253,no,
JURGEN-1305,no,
JURGEN-8107,no,
JURGEN-1668,no,
JURGEN-9325,no,
JURGEN-0670,no,
JURGEN-0107,no,
JURGEN-0158,no,
JURGEN-0950,no,
JURGEN-1613,no,
JURGEN-6062,no,
JURGEN-5720,no,
JURGEN-4577,no,
JURGEN-0526,no,
JURGEN-6108,no,
JURGEN-9072,no,
JURGEN-8859,no,
JURGEN-1051,no,
JURGEN-4403,no,
JURGEN-1556,no,
JURGEN-4832,no,
JURGEN-4323,no,
JURGEN-0707,no,
JURGEN-5276,no,
JURGEN-6513,no,
JURGEN-4249,no,
JURGEN-6772,no,
JURGEN-0407,no,
JURGEN-5670,no,
JURGEN-1494,no,
JURGEN-5949,no,
JURGEN-8413,no,
JURGEN-9862,no,
JURGEN-8565,no,
JURGEN-6374,no,
JURGEN-6112,no,
JURGEN-5488,no,
JURGEN-7018,no,
JURGEN-8659,no,
JURGEN-0470,no,
JURGEN-2644,no,
JURGEN-2598,no,
JURGEN-5269,no,
JURGEN-5320,no,
JURGEN-9171,no,
JURGEN-0727,no,
JURGEN-3898,no,
JURGEN-4259,no,
JURGEN-3122,no,
JURGEN-9966,no,
JURGEN-0733,no,
JURGEN-3682,no,
JURGEN-6983,no,
JURGEN-3600,no,
JURGEN-9380,no,
JURGEN-1440,no,
JURGEN-5156,no,
JURGEN-9023,no,
JURGEN-5451,no,
JURGEN-9236,no,
JURGEN-3197,no,
JURGEN-8989,no,
JURGEN-7852,no,
JURGEN-7748,no,
JURGEN-2606,no,
JURGEN-6235,no,
JURGEN-2404,no,
JURGEN-0543,no,
JURGEN-3900,no,
JURGEN-2510,no,
JURGEN-7181,no,
JURGEN-6959,no,
JURGEN-3264,no,
JURGEN-1671,no,
JURGEN-7340,no,
JURGEN-1696,no,
JURGEN-4725,no,
JURGEN-8935,no,
JURGEN-5230,no,
JURGEN-0999,no,
JURGEN-3956,no,
JURGEN-5817,no,
JURGEN-9817,no,
JURGEN-8559,no,
JURGEN-6198,no,
JURGEN-7857,no,
JURGEN-0182,no,
JURGEN-7721,no,
JURGEN-0740,no,
JURGEN-1538,no,
JURGEN-2444,no,
JURGEN-0921,no,
JURGEN-0294,no,
JURGEN-5510,no,
JURGEN-7247,no,
JURGEN-4046,no,
JURGEN-7888,no,
JURGEN-5399,no,
JURGEN-9426,no,
JURGEN-8579,no,
JURGEN-5924,no,
JURGEN-4893,no,
JURGEN-8622,no,
JURGEN-5389,no,
JURGEN-9871,no,
JURGEN-9159,no,
JURGEN-8119,no,
JURGEN-4244,no,
JURGEN-5453,no,
JURGEN-6809,no,
JURGEN-1653,no,
JURGEN-9583,no,
JURGEN-3776,no,
JURGEN-9744,no,
JURGEN-9067,no,
JURGEN-9258,no,
JURGEN-3589,no,
JURGEN-0927,no,
JURGEN-9242,no,
JURGEN-6728,no,
JURGEN-1492,no,
JURGEN-4162,no,
JURGEN-6867,no,
JURGEN-3269,no,
JURGEN-0503,no,
JURGEN-6575,no,
JURGEN-3930,no,
JURGEN-6789,no,
JURGEN-7938,no,
JURGEN-6437,no,
JURGEN-9906,no,
JURGEN-4295,no,
JURGEN-9778,no,
JURGEN-3056,no,
JURGEN-2978,no,
JURGEN-6873,no,
JURGEN-9452,no,
JURGEN-9321,no,
JURGEN-4181,no,
JURGEN-6548,no,
JURGEN-6578,no,
JURGEN-1925,no,
JURGEN-9060,no,
JURGEN-8464,no,
JURGEN-8148,no,
JURGEN-7413,no,
JURGEN-9163,no,
JURGEN-3458,no,
JURGEN-0476,no,
JURGEN-6162,no,
JURGEN-7108,no,
JURGEN-2678,no,
JURGEN-2876,no,
JURGEN-2276,no,
JURGEN-9775,no,
JURGEN-0255,no,
JURGEN-2521,no,
JURGEN-3768,no,
JURGEN-0302,no,
JURGEN-5932,no,
JURGEN-6814,no,
JURGEN-2346,no,
JURGEN-7897,no,
JURGEN-6305,no,
JURGEN-6043,no,
JURGEN-8706,no,
JURGEN-0329,no,
JURGEN-0588,no,
JURGEN-8735,no,
JURGEN-5035,no,
JURGEN-8082,no,
JURGEN-1748,no,
JURGEN-5251,no,
JURGEN-3744,no,
JURGEN-9138,no,
JURGEN-6709,no,
JURGEN-2145,no,
JURGEN-1707,no,
JURGEN-5746,no,
JURGEN-2887,no,
JURGEN-2334,no,
JURGEN-5305,no,
JURGEN-2997,no,
JURGEN-9974,no,
JURGEN-4334,no,
JURGEN-4029,no,
JURGEN-7839,no,
JURGEN-6510,no,
JURGEN-9133,no,
JURGEN-2976,no,
JURGEN-9829,no,
JURGEN-4523,no,
JURGEN-4750,no,
JURGEN-0193,no,
JURGEN-0317,no,
JURGEN-5583,no,
JURGEN-0145,no,
JURGEN-9919,no,
JURGEN-1253,no,
JURGEN-7147,no,
JURGEN-4837,no,
JURGEN-3484,no,
JURGEN-1234,no,
JURGEN-0153,no,
JURGEN-5925,no,
JURGEN-7862,no,
JURGEN-2852,no,
JURGEN-8145,no,
JURGEN-4362,no,
JURGEN-3558,no,
JURGEN-1097,no,
JURGEN-9786,no,
JURGEN-6488,no,
JURGEN-8976,no,
JURGEN-5163,no,
JURGEN-4894,no,
JURGEN-8999,no,
JURGEN-0796,no,
JURGEN-8479,no,
JURGEN-2903,no,
JURGEN-4065,no,
JURGEN-2481,no,
JURGEN-5186,no,
JURGEN-2620,no,
JURGEN-7051,no,
JURGEN-3844,no,
JURGEN-8687,no,
JURGEN-6576,no,
JURGEN-4602,no,
JURGEN-0309,no,
JURGEN-2039,no,
JURGEN-2190,no,
JURGEN-1431,no,
JURGEN-9512,no,
JURGEN-5270,no,
JURGEN-9326,no,
JURGEN-1095,no,
JURGEN-1718,no,
JURGEN-5198,no,
JURGEN-9898,no,
JURGEN-5166,no,
JURGEN-2071,no,
JURGEN-5271,no,
JURGEN-2568,no,
JURGEN-4219,no,
JURGEN-2680,no,
JURGEN-7415,no,
JURGEN-0764,no,
JURGEN-1238,no,
JURGEN-3864,no,
JURGEN-0239,no,
JURGEN-1774,no,
JURGEN-6944,no,
JURGEN-6843,no,
JURGEN-6762,no,
JURGEN-4196,no,
JURGEN-0934,no,
JURGEN-2024,no,
JURGEN-8223,no,
JURGEN-4006,no,
JURGEN-4003,no,
JURGEN-2094,no,
JURGEN-2552,no,
JURGEN-7534,no,
JURGEN-5288,no,
JURGEN-7146,no,
JURGEN-5876,no,
JURGEN-7820,no,
JURGEN-6339,no,
JURGEN-3182,no,
JURGEN-6719,no,
JURGEN-7416,no,
JURGEN-7182,no,
JURGEN-5873,no,
JURGEN-7757,no,
JURGEN-7114,no,
JURGEN-5999,no,
JURGEN-5296,no,
JURGEN-0042,no,
JURGEN-3629,no,
JURGEN-1624,no,
JURGEN-5951,no,
JURGEN-9401,no,
JURGEN-6786,no,
JURGEN-8228,no,
JURGEN-8908,no,
JURGEN-1561,no,
JURGEN-9323,no,
JURGEN-0811,no,
JURGEN-3253,no,
JURGEN-6753,no,
JURGEN-6976,no,
JURGEN-3117,no,
JURGEN-4962,no,
JURGEN-7253,no,
JURGEN-6376,no,
JURGEN-7949,no,
JURGEN-9528,no,
JURGEN-2462,no,
JURGEN-1591,no,
JURGEN-0898,no,
JURGEN-9016,no,
JURGEN-8722,no,
JURGEN-1567,no,
JURGEN-5983,no,
JURGEN-4057,no,
JURGEN-5259,no,
JURGEN-2408,no,
JURGEN-6232,no,
JURGEN-0357,no,
JURGEN-9115,no,
JURGEN-1442,no,
JURGEN-5335,no,
JURGEN-5563,no,
JURGEN-7308,no,
JURGEN-5164,no,
JURGEN-7514,no,
JURGEN-5138,no,
JURGEN-5615,no,
JURGEN-8425,no,
JURGEN-6679,no,
JURGEN-1260,no,
JURGEN-3869,no,
JURGEN-6829,no,
JURGEN-7122,no,
JURGEN-3279,no,
JURGEN-5624,no,
JURGEN-5825,no,
JURGEN-6553,no,
JURGEN-7362,no,
JURGEN-7418,no,
JURGEN-5231,no,
JURGEN-9518,no,
JURGEN-0756,no,
JURGEN-3922,no,
JURGEN-3576,no,
JURGEN-4711,no,
JURGEN-0540,no,
JURGEN-8947,no,
JURGEN-1263,no,
JURGEN-0805,no,
JURGEN-9730,no,
JURGEN-0704,no,
JURGEN-6313,no,
JURGEN-1345,no,
JURGEN-0222,no,
JURGEN-3478,no,
JURGEN-6665,no,
JURGEN-2282,no,
JURGEN-5171,no,
JURGEN-6884,no,
JURGEN-2437,no,
JURGEN-6680,no,
JURGEN-7107,no,
JURGEN-0520,no,
JURGEN-2509,no,
JURGEN-5864,no,
JURGEN-5356,no,
JURGEN-5548,no,
JURGEN-6220,no,
JURGEN-6238,no,
JURGEN-5564,no,
JURGEN-7369,no,
JURGEN-6908,no,
JURGEN-3378,no,
JURGEN-5561,no,
JURGEN-4498,no,
JURGEN-2964,no,
JURGEN-0721,no,
JURGEN-7439,no,
JURGEN-9024,no,
JURGEN-3717,no,
JURGEN-3413,no,
JURGEN-6391,no,
JURGEN-7875,no,
JURGEN-4530,no,
JURGEN-5889,no,
JURGEN-5790,no,
JURGEN-5424,no,
JURGEN-7427,no,
JURGEN-2938,no,
JURGEN-6893,no,
JURGEN-1688,no,
JURGEN-1160,no,
JURGEN-8159,no,
JURGEN-5049,no,
JURGEN-4016,no,
JURGEN-1165,no,
JURGEN-6592,no,
JURGEN-0987,no,
JURGEN-5437,no,
JURGEN-1070,no,
JURGEN-3296,no,
JURGEN-8055,no,
JURGEN-4709,no,
JURGEN-9869,no,
JURGEN-2018,no,
JURGEN-3470,no,
JURGEN-2293,no,
JURGEN-3038,no,
JURGEN-8252,no,
JURGEN-5601,no,
JURGEN-0061,no,
JURGEN-3704,no,
JURGEN-4642,no,
JURGEN-3641,no,
JURGEN-4184,no,
JURGEN-9700,no,
JURGEN-3189,no,
JURGEN-6298,no,
JURGEN-7022,no,
JURGEN-3932,no,
JURGEN-4448,no,
JURGEN-5961,no,
JURGEN-9247,no,
JURGEN-7489,no,
JURGEN-2812,no,
JURGEN-6061,no,
JURGEN-1100,no,
JURGEN-4475,no,
JURGEN-4557,no,
JURGEN-4551,no,
JURGEN-0529,no,
JURGEN-4488,no,
JURGEN-1595,no,
JURGEN-3816,no,
JURGEN-1393,no,
JURGEN-9562,no,
JURGEN-6654,no,
JURGEN-4938,no,
JURGEN-5965,no,
JURGEN-1921,no,
JURGEN-0765,no,
JURGEN-4286,no,
JURGEN-3238,no,
JURGEN-4105,no,
JURGEN-5567,no,
JURGEN-3498,no,
JURGEN-9839,no,
JURGEN-8834,no,
JURGEN-7398,no,
JURGEN-1435,no,
JURGEN-6714,no,
JURGEN-6966,no,
JURGEN-8201,no,
JURGEN-6856,no,
JURGEN-2983,no,
JURGEN-5070,no,
JURGEN-8039,no,
JURGEN-8761,no,
JURGEN-9293,no,
JURGEN-9343,no,
JURGEN-0611,no,
JURGEN-6615,no,
JURGEN-0784,no,
JURGEN-5471,no,
JURGEN-8319,no,
JURGEN-4058,no,
JURGEN-2836,no,
JURGEN-5828,no,
JURGEN-3342,no,
JURGEN-7300,no,
JURGEN-6936,no,
JURGEN-8604,no,
JURGEN-8289,no,
JURGEN-7842,no,
JURGEN-3230,no,
JURGEN-7326,no,
JURGEN-2503,no,
JURGEN-2446,no,
JURGEN-7094,no,
JURGEN-6032,no,
JURGEN-0210,no,
JURGEN-3750,no,
JURGEN-1884,no,
JURGEN-4237,no,
JURGEN-1825,no,
JURGEN-0827,no,
JURGEN-5784,no,
JURGEN-0130,no,
JURGEN-8808,no,
JURGEN-5815,no,
JURGEN-9165,no,
JURGEN-5603,no,
JURGEN-4926,no,
JURGEN-9150,no,
JURGEN-4583,no,
JURGEN-1088,no,
JURGEN-5976,no,
JURGEN-4563,no,
JURGEN-5964,no,
JURGEN-5085,no,
JURGEN-2737,no,
JURGEN-6565,no,
JURGEN-5194,no,
JURGEN-6302,no,
JURGEN-6638,no,
JURGEN-9007,no,
JURGEN-2809,no,
JURGEN-4154,no,
JURGEN-6420,no,
JURGEN-4568,no,
JURGEN-8428,no,
JURGEN-9181,no,
JURGEN-4307,no,
JURGEN-9618,no,
JURGEN-7276,no,
JURGEN-6791,no,
JURGEN-9175,no,
JURGEN-7506,no,
JURGEN-6410,no,
JURGEN-2885,no,
JURGEN-4428,no,
JURGEN-7561,no,
JURGEN-0996,no,
JURGEN-3506,no,
JURGEN-9125,no,
JURGEN-7152,no,
JURGEN-1910,no,
JURGEN-8213,no,
JURGEN-5414,no,
JURGEN-7550,no,
JURGEN-9424,no,
JURGEN-4040,no,
JURGEN-0925,no,
JURGEN-2280,no,
JURGEN-6463,no,
JURGEN-2610,no,
JURGEN-3995,no,
JURGEN-7245,no,
JURGEN-5273,no,
JURGEN-2567,no,
JURGEN-5024,no,
JURGEN-4913,no,
JURGEN-1890,no,
JURGEN-0506,no,
JURGEN-0441,no,
JURGEN-3679,no,
JURGEN-4191,no,
JURGEN-5957,no,
JURGEN-3911,no,
JURGEN-3257,no,
JURGEN-8793,no,
JURGEN-0030,no,
JURGEN-7023,no,
JURGEN-7768,no,
JURGEN-3059,no,
JURGEN-7258,no,
JURGEN-2112,no,
JURGEN-6190,no,
JURGEN-2748,no,
JURGEN-7096,no,
JURGEN-9392,no,
JURGEN-4907,no,
JURGEN-3181,no,
JURGEN-6697,no,
JURGEN-2391,no,
JURGEN-8530,no,
JURGEN-0401,no,
JURGEN-2258,no,
JURGEN-7158,no,
JURGEN-0584,no,
JURGEN-2505,no,
JURGEN-8381,no,
JURGEN-1667,no,
JURGEN-4991,no,
JURGEN-6584,no,
JURGEN-4396,no,
JURGEN-6653,no,
JURGEN-3598,no,
JURGEN-0380,no,
JURGEN-9823,no,
JURGEN-3696,no,
JURGEN-7832,no,
JURGEN-1383,no,
JURGEN-6419,no,
JURGEN-0196,no,
JURGEN-8033,no,
JURGEN-9201,no,
JURGEN-2366,no,
JURGEN-0387,no,
JURGEN-3807,no,
JURGEN-0020,no,
JURGEN-3967,no,
JURGEN-2144,no,
JURGEN-8398,no,
JURGEN-3624,no,
JURGEN-3390,no,
JURGEN-5201,no,
JURGEN-4007,no,
JURGEN-8489,no,
JURGEN-2401,no,
JURGEN-4394,no,
JURGEN-3960,no,
JURGEN-7348,no,
JURGEN-3739,no,
JURGEN-5029,no,
JURGEN-6689,no,
JURGEN-5911,no,
JURGEN-2429,no,
JURGEN-8029,no,
JURGEN-1067,no,
JURGEN-2008,no,
JURGEN-2331,no,
JURGEN-0052,no,
JURGEN-8592,no,
JURGEN-1434,no,
JURGEN-3247,no,
JURGEN-8175,no,
JURGEN-8734,no,
JURGEN-3092,no,
JURGEN-2664,no,
JURGEN-1555,no,
JURGEN-4641,no,
JURGEN-6583,no,
JURGEN-6907,no,
JURGEN-2458,no,
JURGEN-5654,no,
JURGEN-4566,no,
JURGEN-6348,no,
JURGEN-7722,no,
JURGEN-3303,no,
JURGEN-2091,no,
JURGEN-4792,no,
JURGEN-5168,no,
JURGEN-1785,no,
JURGEN-2025,no,
JURGEN-5833,no,
JURGEN-2240,no,
JURGEN-4743,no,
JURGEN-9970,no,
JURGEN-1855,no,
JURGEN-6486,no,
JURGEN-4004,no,
JURGEN-1129,no,
JURGEN-4649,no,
JURGEN-6703,no,
JURGEN-9174,no,
JURGEN-9879,no,
JURGEN-0605,no,
JURGEN-6804,no,
JURGEN-9506,no,
JURGEN-9771,no,
JURGEN-2434,no,
JURGEN-1444,no,
JURGEN-3843,no,
JURGEN-7622,no,
JURGEN-7939,no,
JURGEN-5046,no,
JURGEN-3377,no,
JURGEN-4430,no,
JURGEN-2130,no,
JURGEN-5386,no,
JURGEN-2734,no,
JURGEN-9579,no,
JURGEN-7965,no,
JURGEN-9918,no,
JURGEN-7165,no,
JURGEN-3654,no,
JURGEN-5882,no,
JURGEN-3516,no,
JURGEN-7479,no,
JURGEN-3504,no,
JURGEN-3472,no,
JURGEN-5806,no,
JURGEN-9845,no,
JURGEN-7128,no,
JURGEN-5458,no,
JURGEN-0297,no,
JURGEN-0807,no,
JURGEN-6450,no,
JURGEN-7877,no,
JURGEN-1079,no,
JURGEN-7428,no,
JURGEN-8206,no,
JURGEN-5375,no,
JURGEN-8731,no,
JURGEN-8541,no,
JURGEN-5611,no,
JURGEN-2365,no,
JURGEN-2619,no,
JURGEN-7103,no,
JURGEN-1027,no,
JURGEN-1353,no,
JURGEN-6172,no,
JURGEN-0204,no,
JURGEN-3013,no,
JURGEN-1048,no,
JURGEN-5554,no,
JURGEN-1415,no,
JURGEN-8942,no,
JURGEN-6969,no,
JURGEN-6925,no,
JURGEN-6939,no,
JURGEN-3529,no,
JURGEN-0433,no,
JURGEN-2702,no,
JURGEN-8429,no,
JURGEN-8711,no,
JURGEN-2773,no,
JURGEN-6430,no,
JURGEN-6042,no,
JURGEN-8466,no,
JURGEN-7229,no,
JURGEN-3176,no,
JURGEN-8727,no,
JURGEN-3451,no,
JURGEN-9411,no,
JURGEN-9616,no,
JURGEN-7321,no,
JURGEN-6661,no,
JURGEN-3490,no,
JURGEN-2323,no,
JURGEN-1650,no,
JURGEN-2914,no,
JURGEN-3144,no,
JURGEN-8267,no,
JURGEN-5301,no,
JURGEN-2275,no,
JURGEN-1566,no,
JURGEN-2453,no,
JURGEN-2893,no,
JURGEN-9405,no,
JURGEN-6144,no,
JURGEN-7522,no,
JURGEN-8380,no,
JURGEN-9597,no,
JURGEN-3000,no,
JURGEN-3882,no,
JURGEN-8984,no,
JURGEN-4532,no,
JURGEN-4951,no,
JURGEN-1337,no,
JURGEN-8124,no,
JURGEN-7500,no,
JURGEN-4623,no,
JURGEN-0285,no,
JURGEN-8441,no,
JURGEN-5600,no,
JURGEN-9731,no,
JURGEN-1104,no,
JURGEN-7260,no,
JURGEN-5199,no,
JURGEN-2548,no,
JURGEN-8641,no,
JURGEN-1648,no,
JURGEN-6072,no,
JURGEN-4883,no,
JURGEN-6498,no,
JURGEN-9902,no,
JURGEN-7765,no,
JURGEN-7495,no,
JURGEN-4853,no,
JURGEN-2368,no,
JURGEN-1026,no,
JURGEN-3169,no,
JURGEN-3788,no,
JURGEN-9596,no,
JURGEN-7662,no,
JURGEN-5727,no,
JURGEN-9248,no,
JURGEN-2792,no,
JURGEN-8149,no,
JURGEN-0815,no,
JURGEN-9454,no,
JURGEN-1972,no,
JURGEN-4803,no,
JURGEN-6244,no,
JURGEN-4501,no,
JURGEN-9215,no,
JURGEN-7360,no,
JURGEN-3172,no,
JURGEN-5204,no,
JURGEN-8002,no,
JURGEN-0482,no,
JURGEN-2802,no,
JURGEN-9477,no,
JURGEN-4133,no,
JURGEN-4774,no,
JURGEN-2096,no,
JURGEN-7034,no,
JURGEN-1318,no,
JURGEN-1829,no,
JURGEN-8024,no,
JURGEN-6167,no,
JURGEN-2255,no,
JURGEN-0063,no,
JURGEN-1161,no,
JURGEN-8906,no,
JURGEN-7608,no,
JURGEN-6779,no,
JURGEN-9101,no,
JURGEN-6960,no,
JURGEN-8218,no,
JURGEN-9414,no,
JURGEN-9777,no,
JURGEN-3789,no,
JURGEN-9975,no,
JURGEN-8244,no,
JURGEN-8065,no,
JURGEN-3014,no,
JURGEN-4316,no,
JURGEN-0539,no,
JURGEN-0578,no,
JURGEN-4195,no,
JURGEN-0250,no,
JURGEN-7044,no,
JURGEN-1894,no,
JURGEN-8020,no,
JURGEN-2797,no,
JURGEN-7838,no,
JURGEN-8409,no,
JURGEN-8975,no,
JURGEN-6739,no,
JURGEN-4585,no,
JURGEN-5027,no,
JURGEN-2621,no,
JURGEN-1295,no,
JURGEN-5408,no,
JURGEN-8022,no,
JURGEN-5479,no,
JURGEN-6932,no,
JURGEN-6387,no,
JURGEN-5302,no,
JURGEN-0076,no,
JURGEN-2605,no,
JURGEN-2670,no,
JURGEN-4670,no,
JURGEN-7349,no,
JURGEN-8792,no,
JURGEN-7846,no,
JURGEN-4533,no,
JURGEN-4704,no,
JURGEN-2874,no,
JURGEN-2958,no,
JURGEN-9328,no,
JURGEN-1144,no,
JURGEN-3481,no,
JURGEN-6931,no,
JURGEN-3345,no,
JURGEN-7709,no,
JURGEN-7646,no,
JURGEN-1452,no,
JURGEN-5328,no,
JURGEN-7426,no,
JURGEN-7191,no,
JURGEN-9267,no,
JURGEN-5749,no,
JURGEN-4739,no,
JURGEN-4182,no,
JURGEN-1719,no,
JURGEN-6844,no,
JURGEN-1731,no,
JURGEN-0711,no,
JURGEN-1215,no,
JURGEN-1211,no,
JURGEN-1039,no,
JURGEN-3756,no,
JURGEN-8569,no,
JURGEN-6175,no,
JURGEN-1979,no,
JURGEN-5824,no,
JURGEN-0890,no,
JURGEN-9680,no,
JURGEN-9363,no,
JURGEN-6674,no,
JURGEN-3371,no,
JURGEN-6922,no,
JURGEN-7598,no,
JURGEN-2928,no,
JURGEN-1375,no,
JURGEN-2524,no,
JURGEN-0339,no,
JURGEN-6963,no,
JURGEN-4982,no,
JURGEN-0667,no,
JURGEN-7443,no,
JURGEN-0639,no,
JURGEN-2882,no,
JURGEN-6862,no,
JURGEN-8831,no,
JURGEN-7272,no,
JURGEN-0382,no,
JURGEN-3748,no,
JURGEN-5123,no,
JURGEN-1923,no,
JURGEN-9585,no,
JURGEN-7858,no,
JURGEN-6540,no,
JURGEN-3946,no,
JURGEN-1675,no,
JURGEN-3262,no,
JURGEN-1665,no,
JURGEN-7131,no,
JURGEN-3858,no,
JURGEN-1041,no,
JURGEN-1360,no,
JURGEN-7856,no,
JURGEN-1017,no,
JURGEN-5183,no,
JURGEN-7655,no,
JURGEN-4584,no,
JURGEN-8457,no,
JURGEN-9497,no,
JURGEN-4694,no,
JURGEN-9698,no,
JURGEN-8452,no,
JURGEN-4746,no,
JURGEN-9626,no,
JURGEN-8986,no,
JURGEN-7618,no,
JURGEN-2175,no,
JURGEN-7466,no,
JURGEN-1761,no,
JURGEN-6880,no,
JURGEN-5533,no,
JURGEN-0395,no,
JURGEN-2068,no,
JURGEN-1957,no,
JURGEN-5656,no,
JURGEN-3393,no,
JURGEN-3815,no,
JURGEN-1149,no,
JURGEN-2013,no,
JURGEN-6511,no,
JURGEN-6990,no,
JURGEN-3740,no,
JURGEN-5275,no,
JURGEN-3037,no,
JURGEN-1856,no,
JURGEN-5127,no,
JURGEN-2344,no,
JURGEN-0371,no,
JURGEN-1457,no,
JURGEN-0015,no,
JURGEN-6006,no,
JURGEN-1423,no,
JURGEN-9738,no,
JURGEN-9699,no,
JURGEN-6366,no,
JURGEN-0923,no,
JURGEN-8072,no,
JURGEN-2597,no,
JURGEN-1948,no,
JURGEN-7651,no,
JURGEN-6620,no,
JURGEN-5147,no,
JURGEN-2689,no,
JURGEN-8356,no,
JURGEN-4910,no,
JURGEN-8286,no,
JURGEN-0570,no,
JURGEN-6471,no,
JURGEN-3549,no,
JURGEN-4808,no,
JURGEN-6778,no,
JURGEN-5360,no,
JURGEN-3837,no,
JURGEN-9667,no,
JURGEN-9327,no,
JURGEN-4784,no,
JURGEN-6110,no,
JURGEN-9002,no,
JURGEN-4271,no,
JURGEN-5142,no,
JURGEN-7472,no,
JURGEN-5359,no,
JURGEN-5445,no,
JURGEN-7527,no,
JURGEN-1593,no,
JURGEN-3095,no,
JURGEN-2677,no,
JURGEN-5557,no,
JURGEN-5963,no,
JURGEN-4880,no,
JURGEN-3660,no,
JURGEN-5146,no,
JURGEN-6156,no,
JURGEN-6423,no,
JURGEN-4797,no,
JURGEN-9052,no,
JURGEN-6577,no,
JURGEN-8183,no,
JURGEN-3214,no,
JURGEN-4267,no,
JURGEN-6810,no,
JURGEN-1329,no,
JURGEN-6231,no,
JURGEN-3380,no,
JURGEN-7046,no,
JURGEN-3889,no,
JURGEN-5249,no,
JURGEN-7754,no,
JURGEN-4269,no,
JURGEN-1187,no,
JURGEN-4875,no,
JURGEN-7543,no,
JURGEN-5731,no,
JURGEN-3649,no,
JURGEN-3706,no,
JURGEN-8872,no,
JURGEN-7268,no,
JURGEN-8285,no,
JURGEN-6057,no,
JURGEN-1676,no,
JURGEN-2029,no,
JURGEN-2468,no,
JURGEN-8370,no,
JURGEN-2099,no,
JURGEN-5336,no,
JURGEN-1350,no,
JURGEN-1832,no,
JURGEN-9576,no,
JURGEN-3562,no,
JURGEN-3935,no,
JURGEN-4478,no,
JURGEN-1515,no,
JURGEN-6314,no,
JURGEN-2894,no,
JURGEN-5439,no,
JURGEN-8508,no,
JURGEN-9208,no,
JURGEN-5914,no,
JURGEN-7973,no,
JURGEN-3005,no,
JURGEN-7556,no,
JURGEN-5385,no,
JURGEN-3963,no,
JURGEN-5717,no,
JURGEN-2225,no,
JURGEN-7301,no,
JURGEN-6940,no,
JURGEN-5105,no,
JURGEN-1990,no,
JURGEN-0475,no,
JURGEN-7702,no,
JURGEN-2766,no,
JURGEN-8219,no,
JURGEN-5384,no,
JURGEN-7475,no,
JURGEN-0633,no,
JURGEN-1057,no,
JURGEN-4790,no,
JURGEN-5621,no,
JURGEN-2721,no,
JURGEN-8784,no,
JURGEN-0180,no,
JURGEN-9530,no,
JURGEN-3239,no,
JURGEN-9836,no,
JURGEN-0416,no,
JURGEN-9312,no,
JURGEN-9278,no,
JURGEN-6216,no,
JURGEN-6708,no,
JURGEN-9912,no,
JURGEN-2195,no,
JURGEN-0211,no,
JURGEN-6980,no,
JURGEN-8966,no,
JURGEN-8524,no,
JURGEN-6119,no,
JURGEN-8307,no,
JURGEN-6416,no,
JURGEN-9436,no,
JURGEN-7635,no,
JURGEN-4253,no,
JURGEN-2626,no,
JURGEN-6282,no,
JURGEN-8434,no,
JURGEN-3114,no,
JURGEN-4512,no,
JURGEN-6403,no,
JURGEN-9143,no,
JURGEN-4072,no,
JURGEN-5894,no,
JURGEN-0592,no,
JURGEN-1111,no,
JURGEN-9182,no,
JURGEN-9170,no,
JURGEN-0108,no,
JURGEN-3746,no,
JURGEN-1115,no,
JURGEN-3548,no,
JURGEN-8295,no,
JURGEN-1237,no,
JURGEN-2176,no,
JURGEN-6596,no,
JURGEN-6666,no,
JURGEN-2009,no,
JURGEN-2377,no,
JURGEN-3109,no,
JURGEN-8934,no,
JURGEN-8608,no,
JURGEN-6927,no,
JURGEN-8111,no,
JURGEN-4886,no,
JURGEN-1850,no,
JURGEN-2847,no,
JURGEN-0449,no,
JURGEN-4652,no,
JURGEN-8150,no,
JURGEN-1109,no,
JURGEN-2681,no,
JURGEN-5169,no,
JURGEN-0794,no,
JURGEN-8515,no,
JURGEN-2623,no,
JURGEN-4158,no,
JURGEN-6846,no,
JURGEN-6616,no,
JURGEN-2158,no,
JURGEN-3817,no,
JURGEN-7290,no,
JURGEN-5103,no,
JURGEN-6500,no,
JURGEN-2148,no,
JURGEN-0979,no,
JURGEN-3338,no,
JURGEN-1420,no,
JURGEN-9968,no,
JURGEN-8836,no,
JURGEN-0722,no,
JURGEN-0932,no,
JURGEN-0077,no,
JURGEN-6899,no,
JURGEN-4504,no,
JURGEN-8769,no,
JURGEN-3309,no,
JURGEN-6186,no,
JURGEN-2479,no,
JURGEN-7375,no,
JURGEN-7969,no,
JURGEN-1154,no,
JURGEN-2842,no,
JURGEN-7088,no,
JURGEN-9632,no,
JURGEN-5823,no,
JURGEN-1049,no,
JURGEN-6259,no,
JURGEN-2294,no,
JURGEN-2611,no,
JURGEN-9747,no,
JURGEN-7302,no,
JURGEN-3012,no,
JURGEN-3332,no,
JURGEN-8342,no,
JURGEN-8672,no,
JURGEN-5248,no,
JURGEN-5045,no,
JURGEN-7490,no,
JURGEN-4588,no,
JURGEN-1821,no,
JURGEN-6150,no,
JURGEN-8751,no,
JURGEN-7617,no,
JURGEN-3877,no,
JURGEN-7124,no,
JURGEN-6882,no,
JURGEN-4013,no,
JURGEN-7354,no,
JURGEN-1777,no,
JURGEN-5659,no,
JURGEN-9893,no,
JURGEN-9956,no,
JURGEN-1766,no,
JURGEN-7380,no,
JURGEN-4281,no,
JURGEN-5714,no,
JURGEN-3791,no,
JURGEN-1937,no,
JURGEN-5970,no,
JURGEN-0878,no,
JURGEN-0641,no,
JURGEN-9041,no,
JURGEN-7052,no,
JURGEN-5520,no,
JURGEN-3225,no,
JURGEN-6979,no,
JURGEN-6084,no,
JURGEN-4702,no,
JURGEN-2622,no,
JURGEN-4208,no,
JURGEN-8282,no,
JURGEN-7597,no,
JURGEN-0276,no,
JURGEN-1969,no,
JURGEN-9124,no,
JURGEN-5080,no,
JURGEN-6299,no,
JURGEN-3971,no,
JURGEN-6230,no,
JURGEN-1262,no,
JURGEN-3033,no,
JURGEN-8217,no,
JURGEN-7532,no,
JURGEN-8682,no,
JURGEN-1108,no,
JURGEN-6127,no,
JURGEN-3027,no,
JURGEN-2533,no,
JURGEN-0989,no,
JURGEN-9027,no,
JURGEN-7932,no,
JURGEN-3285,no,
JURGEN-6973,no,
JURGEN-7758,no,
JURGEN-0799,no,
JURGEN-8897,no,
JURGEN-7434,no,
JURGEN-7093,no,
JURGEN-0050,no,
JURGEN-7844,no,
JURGEN-2791,no,
JURGEN-7015,no,
JURGEN-8877,no,
JURGEN-2911,no,
JURGEN-4752,no,
JURGEN-3388,no,
JURGEN-7694,no,
JURGEN-9516,no,
JURGEN-8038,no,
JURGEN-6949,no,
JURGEN-6007,no,
JURGEN-8074,no,
JURGEN-5000,no,
JURGEN-3474,no,
JURGEN-6563,no,
JURGEN-6205,no,
JURGEN-4844,no,
JURGEN-4538,no,
JURGEN-0970,no,
JURGEN-5145,no,
JURGEN-9351,no,
JURGEN-8203,no,
JURGEN-3745,no,
JURGEN-7577,no,
JURGEN-4147,no,
JURGEN-5331,no,
JURGEN-6035,no,
JURGEN-7924,no,
JURGEN-7728,no,
JURGEN-3316,no,
JURGEN-5043,no,
JURGEN-8079,no,
JURGEN-6738,no,
JURGEN-9122,no,
JURGEN-2536,no,
JURGEN-7703,no,
JURGEN-4137,no,
JURGEN-8506,no,
JURGEN-2759,no,
JURGEN-7251,no,
JURGEN-8794,no,
JURGEN-9085,no,
JURGEN-5238,no,
JURGEN-7284,no,
JURGEN-7890,no,
JURGEN-9894,no,
JURGEN-8336,no,
JURGEN-8845,no,
JURGEN-3653,no,
JURGEN-5512,no,
JURGEN-0528,no,
JURGEN-0943,no,
JURGEN-2053,no,
JURGEN-5182,no,
JURGEN-3426,no,
JURGEN-2020,no,
JURGEN-9081,no,
JURGEN-7944,no,
JURGEN-7831,no,
JURGEN-7680,no,
JURGEN-3630,no,
JURGEN-4060,no,
JURGEN-9751,no,
JURGEN-9960,no,
JURGEN-9360,no,
JURGEN-1859,no,
JURGEN-7351,no,
JURGEN-4601,no,
JURGEN-3712,no,
JURGEN-1150,no,
JURGEN-7616,no,
JURGEN-9132,no,
JURGEN-1907,no,
JURGEN-1045,no,
JURGEN-4643,no,
JURGEN-1626,no,
JURGEN-2663,no,
JURGEN-3657,no,
JURGEN-2779,no,
JURGEN-2421,no,
JURGEN-5242,no,
JURGEN-2177,no,
JURGEN-0266,no,
JURGEN-7656,no,
JURGEN-1655,no,
JURGEN-8445,no,
JURGEN-4845,no,
JURGEN-6364,no,
JURGEN-5209,no,
JURGEN-0010,no,
JURGEN-8174,no,
JURGEN-3978,no,
JURGEN-5511,no,
JURGEN-8798,no,
JURGEN-5261,no,
JURGEN-1926,no,
JURGEN-8440,no,
JURGEN-1685,no,
JURGEN-6358,no,
JURGEN-7825,no,
JURGEN-3473,no,
JURGEN-2690,no,
JURGEN-8249,no,
JURGEN-0822,no,
JURGEN-9857,no,
JURGEN-3191,no,
JURGEN-0564,no,
JURGEN-1559,no,
JURGEN-2196,no,
JURGEN-1416,no,
JURGEN-1450,no,
JURGEN-9895,no,
JURGEN-2412,no,
JURGEN-6294,no,
JURGEN-0758,no,
JURGEN-0527,no,
JURGEN-9232,no,
JURGEN-3340,no,
JURGEN-2182,no,
JURGEN-8978,no,
JURGEN-5306,no,
JURGEN-3892,no,
JURGEN-1354,no,
JURGEN-2378,no,
JURGEN-4678,no,
JURGEN-1899,no,
JURGEN-3538,no,
JURGEN-9761,no,
JURGEN-4107,no,
JURGEN-3493,no,
JURGEN-0058,no,
JURGEN-8405,no,
JURGEN-6303,no,
JURGEN-8695,no,
JURGEN-8141,no,
JURGEN-8365,no,
JURGEN-1306,no,
JURGEN-6597,no,
JURGEN-0336,no,
JURGEN-6532,no,
JURGEN-9737,no,
JURGEN-9833,no,
JURGEN-9373,no,
JURGEN-8439,no,
JURGEN-2656,no,
JURGEN-4771,no,
JURGEN-6839,no,
JURGEN-8234,no,
JURGEN-2307,no,
JURGEN-5715,no,
JURGEN-3218,no,
JURGEN-2968,no,
JURGEN-9491,no,
JURGEN-7035,no,
JURGEN-1258,no,
JURGEN-5536,no,
JURGEN-6073,no,
JURGEN-6332,no,
JURGEN-7885,no,
JURGEN-3054,no,
JURGEN-4559,no,
JURGEN-0562,no,
JURGEN-7193,no,
JURGEN-3330,no,
JURGEN-8310,no,
JURGEN-5293,no,
JURGEN-6482,no,
JURGEN-7492,no,
JURGEN-2783,no,
JURGEN-8397,no,
JURGEN-7048,no,
JURGEN-3850,no,
JURGEN-5797,no,
JURGEN-4461,no,
JURGEN-3119,no,
JURGEN-6466,no,
JURGEN-2184,no,
JURGEN-2168,no,
JURGEN-0011,no,
JURGEN-2845,no,
JURGEN-0152,no,
JURGEN-1525,no,
JURGEN-6603,no,
JURGEN-0243,no,
JURGEN-8708,no,
JURGEN-3365,no,
JURGEN-4067,no,
JURGEN-0146,no,
JURGEN-0653,no,
JURGEN-4514,no,
JURGEN-7344,no,
JURGEN-0851,no,
JURGEN-1554,no,
JURGEN-6758,no,
JURGEN-8155,no,
JURGEN-5058,no,
JURGEN-0120,no,
JURGEN-7519,no,
JURGEN-5093,no,
JURGEN-7904,no,
JURGEN-6351,no,
JURGEN-5702,no,
JURGEN-3798,no,
JURGEN-1987,no,
JURGEN-1936,no,
JURGEN-2442,no,
JURGEN-4912,no,
JURGEN-5831,no,
JURGEN-1294,no,
JURGEN-7218,no,
JURGEN-9826,no,
JURGEN-8658,no,
JURGEN-3090,no,
JURGEN-7761,no,
JURGEN-9727,no,
JURGEN-3985,no,
JURGEN-7957,no,
JURGEN-1986,no,
JURGEN-7438,no,
JURGEN-3367,no,
JURGEN-4371,no,
JURGEN-1287,no,
JURGEN-7277,no,
JURGEN-5371,no,
JURGEN-8550,no,
JURGEN-3445,no,
JURGEN-6530,no,
JURGEN-7555,no,
JURGEN-3029,no,
JURGEN-4390,no,
JURGEN-2484,no,
JURGEN-1878,no,
JURGEN-5582,no,
JURGEN-9681,no,
JURGEN-0290,no,
JURGEN-2558,no,
JURGEN-4915,no,
JURGEN-9637,no,
JURGEN-7526,no,
JURGEN-1543,no,
JURGEN-1155,no,
JURGEN-6587,no,
JURGEN-9657,no,
JURGEN-2060,no,
JURGEN-7989,no,
JURGEN-9561,no,
JURGEN-7275,no,
JURGEN-9602,no,
JURGEN-4635,no,
JURGEN-0657,no,
JURGEN-1410,no,
JURGEN-0619,no,
JURGEN-5003,no,
JURGEN-5781,no,
JURGEN-7081,no,
JURGEN-4968,no,
JURGEN-4054,no,
JURGEN-8212,no,
JURGEN-8063,no,
JURGEN-8653,no,
JURGEN-5897,no,
JURGEN-8268,no,
JURGEN-0780,no,
JURGEN-3196,no,
JURGEN-4303,no,
JURGEN-5482,no,
JURGEN-7731,no,
JURGEN-6957,no,
JURGEN-9051,no,
JURGEN-6107,no,
JURGEN-5172,no,
JURGEN-7804,no,
JURGEN-9073,no,
JURGEN-0341,no,
JURGEN-9458,no,
JURGEN-0511,no,
JURGEN-4434,no,
JURGEN-1809,no,
JURGEN-2673,no,
JURGEN-8535,no,
JURGEN-5032,no,
JURGEN-9841,no,
JURGEN-8044,no,
JURGEN-7952,no,
JURGEN-2648,no,
JURGEN-2840,no,
JURGEN-3570,no,
JURGEN-9517,no,
JURGEN-9835,no,
JURGEN-1142,no,
JURGEN-0510,no,
JURGEN-2698,no,
JURGEN-9004,no,
JURGEN-5425,no,
JURGEN-1736,no,
JURGEN-1801,no,
JURGEN-0138,no,
JURGEN-3553,no,
JURGEN-7920,no,
JURGEN-2945,no,
JURGEN-0689,no,
JURGEN-8299,no,
JURGEN-8546,no,
JURGEN-7563,no,
JURGEN-5792,no,
JURGEN-5206,no,
JURGEN-3808,no,
JURGEN-6492,no,
JURGEN-6246,no,
JURGEN-8294,no,
JURGEN-9858,no,
JURGEN-2711,no,
JURGEN-2119,no,
JURGEN-7612,no,
JURGEN-6004,no,
JURGEN-3024,no,
JURGEN-9695,no,
JURGEN-7905,no,
JURGEN-6796,no,
JURGEN-6526,no,
JURGEN-2920,no,
JURGEN-0959,no,
JURGEN-4188,no,
JURGEN-1817,no,
JURGEN-6169,no,
JURGEN-6633,no,
JURGEN-2950,no,
JURGEN-6206,no,
JURGEN-4796,no,
JURGEN-7217,no,
JURGEN-1010,no,
JURGEN-3452,no,
JURGEN-9264,no,
JURGEN-4608,no,
JURGEN-8788,no,
JURGEN-5505,no,
JURGEN-2117,no,
JURGEN-9466,no,
JURGEN-3305,no,
JURGEN-7082,no,
JURGEN-7408,no,
JURGEN-0686,no,
JURGEN-1168,no,
JURGEN-5068,no,
JURGEN-8811,no,
JURGEN-3076,no,
JURGEN-3974,no,
JURGEN-6780,no,
JURGEN-9511,no,
JURGEN-2789,no,
JURGEN-8019,no,
JURGEN-0418,no,
JURGEN-2001,no,
JURGEN-4513,no,
JURGEN-7467,no,
JURGEN-3865,no,
JURGEN-8462,no,
JURGEN-6706,no,
JURGEN-0253,no,
JURGEN-0532,no,
JURGEN-3198,no,
JURGEN-9040,no,
JURGEN-9488,no,
JURGEN-7899,no,
JURGEN-3341,no,
JURGEN-0948,no,
JURGEN-7697,no,
JURGEN-4847,no,
JURGEN-9574,no,
JURGEN-0737,no,
JURGEN-3524,no,
JURGEN-0594,no,
JURGEN-7262,no,
JURGEN-9377,no,
JURGEN-8470,no,
JURGEN-9234,no,
JURGEN-2473,no,
JURGEN-0559,no,
JURGEN-3659,no,
JURGEN-2532,no,
JURGEN-8542,no,
JURGEN-3087,no,
JURGEN-5007,no,
JURGEN-5051,no,
JURGEN-5126,no,
JURGEN-3491,no,
JURGEN-1982,no,
JURGEN-5234,no,
JURGEN-3784,no,
JURGEN-9620,no,
JURGEN-6557,no,
JURGEN-4952,no,
JURGEN-2972,no,
JURGEN-2159,no,
JURGEN-5237,no,
JURGEN-2947,no,
JURGEN-2614,no,
JURGEN-3774,no,
JURGEN-8293,no,
JURGEN-3861,no,
JURGEN-6283,no,
JURGEN-2640,no,
JURGEN-6268,no,
JURGEN-4311,no,
JURGEN-4342,no,
JURGEN-0212,no,
JURGEN-2653,no,
JURGEN-3385,no,
JURGEN-2411,no,
JURGEN-8985,no,
JURGEN-2216,no,
JURGEN-2912,no,
JURGEN-5121,no,
JURGEN-3832,no,
JURGEN-6143,no,
JURGEN-5299,no,
JURGEN-7265,no,
JURGEN-0947,no,
JURGEN-8493,no,
JURGEN-9192,no,
JURGEN-7150,no,
JURGEN-7684,no,
JURGEN-4302,no,
JURGEN-5294,no,
JURGEN-7960,no,
JURGEN-9451,no,
JURGEN-0185,no,
JURGEN-6212,no,
JURGEN-7682,no,
JURGEN-2107,no,
JURGEN-3761,no,
JURGEN-6641,no,
JURGEN-1454,no,
JURGEN-3980,no,
JURGEN-0232,no,
JURGEN-7280,no,
JURGEN-8230,no,
JURGEN-5426,no,
JURGEN-1220,no,
JURGEN-4405,no,
JURGEN-0284,no,
JURGEN-5791,no,
JURGEN-1964,no,
JURGEN-3813,no,
JURGEN-8842,no,
JURGEN-2028,no,
JURGEN-6642,no,
JURGEN-4592,no,
JURGEN-8449,no,
JURGEN-4879,no,
JURGEN-2181,no,
JURGEN-5586,no,
JURGEN-6209,no,
JURGEN-7388,no,
JURGEN-7481,no,
JURGEN-4002,no,
JURGEN-0872,no,
JURGEN-1712,no,
JURGEN-5064,no,
JURGEN-8357,no,
JURGEN-1531,no,
JURGEN-8371,no,
JURGEN-3171,no,
JURGEN-5683,no,
JURGEN-7734,no,
JURGEN-9288,no,
JURGEN-7347,no,
JURGEN-4276,no,
JURGEN-4187,no,
JURGEN-1344,no,
JURGEN-7233,no,
JURGEN-0267,no,
JURGEN-3026,no,
JURGEN-4317,no,
JURGEN-4843,no,
JURGEN-0648,no,
JURGEN-5062,no,
JURGEN-2011,no,
JURGEN-7673,no,
JURGEN-6790,no,
JURGEN-4387,no,
JURGEN-9909,no,
JURGEN-8478,no,
JURGEN-5410,no,
JURGEN-7239,no,
JURGEN-7069,no,
JURGEN-0101,no,
JURGEN-9483,no,
JURGEN-9284,no,
JURGEN-1686,no,
JURGEN-1024,no,
JURGEN-4839,no,
JURGEN-4578,no,
JURGEN-3374,no,
JURGEN-1958,no,
JURGEN-1886,no,
JURGEN-6345,no,
JURGEN-8390,no,
JURGEN-7142,no,
JURGEN-2093,no,
JURGEN-7713,no,
JURGEN-0471,no,
JURGEN-7643,no,
JURGEN-3256,no,
JURGEN-8804,no,
JURGEN-6681,no,
JURGEN-4110,no,
JURGEN-2956,no,
JURGEN-1405,no,
JURGEN-7963,no,
JURGEN-4118,no,
JURGEN-3149,no,
JURGEN-5707,no,
JURGEN-9280,no,
JURGEN-6544,no,
JURGEN-1227,no,
JURGEN-0046,no,
JURGEN-3404,no,
JURGEN-0431,no,
JURGEN-3400,no,
JURGEN-4365,no,
JURGEN-7690,no,
JURGEN-5122,no,
JURGEN-4607,no,
JURGEN-9866,no,
JURGEN-9037,no,
JURGEN-1717,no,
JURGEN-4727,no,
JURGEN-0620,no,
JURGEN-1404,no,
JURGEN-3217,no,
JURGEN-1840,no,
JURGEN-1164,no,
JURGEN-7908,no,
JURGEN-2463,no,
JURGEN-2305,no,
JURGEN-1742,no,
JURGEN-2902,no,
JURGEN-4345,no,
JURGEN-1721,no,
JURGEN-7843,no,
JURGEN-5913,no,
JURGEN-1872,no,
JURGEN-7470,no,
JURGEN-2281,no,
JURGEN-1504,no,
JURGEN-0093,no,
JURGEN-1326,no,
JURGEN-9662,no,
JURGEN-6607,no,
JURGEN-4368,no,
JURGEN-6700,no,
JURGEN-7638,no,
JURGEN-9707,no,
JURGEN-3286,no,
JURGEN-5017,no,
JURGEN-3684,no,
JURGEN-5008,no,
JURGEN-4231,no,
JURGEN-8274,no,
JURGEN-7976,no,
JURGEN-2838,no,
JURGEN-7028,no,
JURGEN-7589,no,
JURGEN-7971,no,
JURGEN-8126,no,
JURGEN-5718,no,
JURGEN-8873,no,
JURGEN-0350,no,
JURGEN-3523,no,
JURGEN-9901,no,
JURGEN-7979,no,
JURGEN-4251,no,
JURGEN-3642,no,
JURGEN-8298,no,
JURGEN-7373,no,
JURGEN-1242,no,
JURGEN-4807,no,
JURGEN-7271,no,
JURGEN-3146,no,
JURGEN-8753,no,
JURGEN-0275,no,
JURGEN-6872,no,
JURGEN-0771,no,
JURGEN-1787,no,
JURGEN-1507,no,
JURGEN-2949,no,
JURGEN-7553,no,
JURGEN-1135,no,
JURGEN-4863,no,
JURGEN-1328,no,
JURGEN-8446,no,
JURGEN-4527,no,
JURGEN-6301,no,
JURGEN-8689,no,
JURGEN-4821,no,
JURGEN-9463,no,
JURGEN-9763,no,
JURGEN-2692,no,
JURGEN-4314,no,
JURGEN-0683,no,
JURGEN-0190,no,
JURGEN-0546,no,
JURGEN-0521,no,
JURGEN-9172,no,
JURGEN-9837,no,
JURGEN-6001,no,
JURGEN-2816,no,
JURGEN-8105,no,
JURGEN-8642,no,
JURGEN-1534,no,
JURGEN-3471,no,
JURGEN-6624,no,
JURGEN-2259,no,
JURGEN-8631,no,
JURGEN-8120,no,
JURGEN-7581,no,
JURGEN-1419,no,
JURGEN-2527,no,
JURGEN-9147,no,
JURGEN-3770,no,
JURGEN-7926,no,
JURGEN-1708,no,
JURGEN-0366,no,
JURGEN-0736,no,
JURGEN-5698,no,
JURGEN-0117,no,
JURGEN-3173,no,
JURGEN-0219,no,
JURGEN-4581,no,
JURGEN-6200,no,
JURGEN-4226,no,
JURGEN-1307,no,
JURGEN-5757,no,
JURGEN-0536,no,
JURGEN-5836,no,
JURGEN-3447,no,
JURGEN-5205,no,
JURGEN-3337,no,
JURGEN-5463,no,
JURGEN-0385,no,
JURGEN-2075,no,
JURGEN-8685,no,
JURGEN-9643,no,
JURGEN-4355,no,
JURGEN-0496,no,
JURGEN-1200,no,
JURGEN-4927,no,
JURGEN-1175,no,
JURGEN-3437,no,
JURGEN-6611,no,
JURGEN-4408,no,
JURGEN-2124,no,
JURGEN-4395,no,
JURGEN-4354,no,
JURGEN-5844,no,
JURGEN-0289,no,
JURGEN-9927,no,
JURGEN-7795,no,
JURGEN-0079,no,
JURGEN-6850,no,
JURGEN-0073,no,
JURGEN-9244,no,
JURGEN-3934,no,
JURGEN-2668,no,
JURGEN-3777,no,
JURGEN-3186,no,
JURGEN-6493,no,
JURGEN-1013,no,
JURGEN-1106,no,
JURGEN-3044,no,
JURGEN-6469,no,
JURGEN-6253,no,
JURGEN-0283,no,
JURGEN-1983,no,
JURGEN-9162,no,
JURGEN-9798,no,
JURGEN-1236,no,
JURGEN-2426,no,
JURGEN-9144,no,
JURGEN-5303,no,
JURGEN-5118,no,
JURGEN-5594,no,
JURGEN-1005,no,
JURGEN-8507,no,
JURGEN-9776,no,
JURGEN-0365,no,
JURGEN-3997,no,
JURGEN-0967,no,
JURGEN-8484,no,
JURGEN-8527,no,
JURGEN-6131,no,
JURGEN-3040,no,
JURGEN-8665,no,
JURGEN-6747,no,
JURGEN-0494,no,
JURGEN-2565,no,
JURGEN-1061,no,
JURGEN-3650,no,
JURGEN-1904,no,
JURGEN-1587,no,
JURGEN-9523,no,
JURGEN-3860,no,
JURGEN-1966,no,
JURGEN-3479,no,
JURGEN-1763,no,
JURGEN-2579,no,
JURGEN-1249,no,
JURGEN-3720,no,
JURGEN-4946,no,
JURGEN-2833,no,
JURGEN-5324,no,
JURGEN-0862,no,
JURGEN-3637,no,
JURGEN-6489,no,
JURGEN-2679,no,
JURGEN-6727,no,
JURGEN-4119,no,
JURGEN-9942,no,
JURGEN-1464,no,
JURGEN-4724,no,
JURGEN-1672,no,
JURGEN-9031,no,
JURGEN-7043,no,
JURGEN-3164,no,
JURGEN-5942,no,
JURGEN-0600,no,
JURGEN-3306,no,
JURGEN-6276,no,
JURGEN-0131,no,
JURGEN-7403,no,
JURGEN-5584,no,
JURGEN-7822,no,
JURGEN-5060,no,
JURGEN-6139,no,
JURGEN-2394,no,
JURGEN-5782,no,
JURGEN-4227,no,
JURGEN-0013,no,
JURGEN-4204,no,
JURGEN-5355,no,
JURGEN-3724,no,
JURGEN-9349,no,
JURGEN-3455,no,
JURGEN-1296,no,
JURGEN-4018,no,
JURGEN-6522,no,
JURGEN-6383,no,
JURGEN-0001,no,
JURGEN-5618,no,
JURGEN-0090,no,
JURGEN-3205,no,
JURGEN-3937,no,
JURGEN-0115,no,
JURGEN-8330,no,
JURGEN-2628,no,
JURGEN-5472,no,
JURGEN-3193,no,
JURGEN-1264,no,
JURGEN-1497,no,
JURGEN-1443,no,
JURGEN-5322,no,
JURGEN-9508,no,
JURGEN-6699,no,
JURGEN-4100,no,
JURGEN-1517,no,
JURGEN-0554,no,
JURGEN-0992,no,
JURGEN-2507,no,
JURGEN-1583,no,
JURGEN-2871,no,
JURGEN-5625,no,
JURGEN-1028,no,
JURGEN-1384,no,
JURGEN-6152,no,
JURGEN-5785,no,
JURGEN-4941,no,
JURGEN-3110,no,
JURGEN-5347,no,
JURGEN-7983,no,
JURGEN-7003,no,
JURGEN-8438,no,
JURGEN-7641,no,
JURGEN-3996,no,
JURGEN-0640,no,
JURGEN-7449,no,
JURGEN-8240,no,
JURGEN-0140,no,
JURGEN-3091,no,
JURGEN-8776,no,
JURGEN-0612,no,
JURGEN-9094,no,
JURGEN-3322,no,
JURGEN-3896,no,
JURGEN-8214,no,
JURGEN-1564,no,
JURGEN-5387,no,
JURGEN-2879,no,
JURGEN-2465,no,
JURGEN-1148,no,
JURGEN-6054,no,
JURGEN-6295,no,
JURGEN-0450,no,
JURGEN-2822,no,
JURGEN-2490,no,
JURGEN-4618,no,
JURGEN-8322,no,
JURGEN-3994,no,
JURGEN-2483,no,
JURGEN-3002,no,
JURGEN-1385,no,
JURGEN-6095,no,
JURGEN-8100,no,
JURGEN-3835,no,
JURGEN-1610,no,
JURGEN-8522,no,
JURGEN-5013,no,
JURGEN-3545,no,
JURGEN-0262,no,
JURGEN-5756,no,
JURGEN-5353,no,
JURGEN-4248,no,
JURGEN-9102,no,
JURGEN-5470,no,
JURGEN-0902,no,
JURGEN-1692,no,
JURGEN-1574,no,
JURGEN-9867,no,
JURGEN-8743,no,
JURGEN-3676,no,
JURGEN-8037,no,
JURGEN-1895,no,
JURGEN-6055,no,
JURGEN-0555,no,
JURGEN-4136,no,
JURGEN-1019,no,
JURGEN-6040,no,
JURGEN-7807,no,
JURGEN-0098,no,
JURGEN-1078,no,
JURGEN-3324,no,
JURGEN-2461,no,
JURGEN-1789,no,
JURGEN-5534,no,
JURGEN-4747,no,
JURGEN-6037,no,
JURGEN-9318,no,
JURGEN-9535,no,
JURGEN-4009,no,
JURGEN-8632,no,
JURGEN-8324,no,
JURGEN-1004,no,
JURGEN-9042,no,
JURGEN-4524,no,
JURGEN-2245,no,
JURGEN-2092,no,
JURGEN-7587,no,
JURGEN-4441,no,
JURGEN-7244,no,
JURGEN-4688,no,
JURGEN-9030,no,
JURGEN-9464,no,
JURGEN-1331,no,
JURGEN-6795,no,
JURGEN-8899,no,
JURGEN-2827,no,
JURGEN-1981,no,
JURGEN-6431,no,
JURGEN-3047,no,
JURGEN-9378,no,
JURGEN-8418,no,
JURGEN-0023,no,
JURGEN-0685,no,
JURGEN-6147,no,
JURGEN-1565,no,
JURGEN-4061,no,
JURGEN-2212,no,
JURGEN-0924,no,
JURGEN-3664,no,
JURGEN-5929,no,
JURGEN-9822,no,
JURGEN-9651,no,
JURGEN-9095,no,
JURGEN-4443,no,
JURGEN-3531,no,
JURGEN-9671,no,
JURGEN-6155,no,
JURGEN-2069,no,
JURGEN-0768,no,
JURGEN-3106,no,
JURGEN-8772,no,
JURGEN-2500,no,
JURGEN-9412,no,
JURGEN-5650,no,
JURGEN-2867,no,
JURGEN-6866,no,
JURGEN-1599,no,
JURGEN-3823,no,
JURGEN-7311,no,
JURGEN-6255,no,
JURGEN-9157,no,
JURGEN-4866,no,
JURGEN-0032,no,
JURGEN-8901,no,
JURGEN-9008,no,
JURGEN-9599,no,
JURGEN-2494,no,
JURGEN-2470,no,
JURGEN-5531,no,
JURGEN-7157,no,
JURGEN-9592,no,
JURGEN-6161,no,
JURGEN-3143,no,
JURGEN-1213,no,
JURGEN-1480,no,
JURGEN-6337,no,
JURGEN-8670,no,
JURGEN-5400,no,
JURGEN-7767,no,
JURGEN-8350,no,
JURGEN-2302,no,
JURGEN-5985,no,
JURGEN-6123,no,
JURGEN-9053,no,
JURGEN-4507,no,
JURGEN-0579,no,
JURGEN-6033,no,
JURGEN-4855,no,
JURGEN-9395,no,
JURGEN-4515,no,
JURGEN-6531,no,
JURGEN-7068,no,
JURGEN-2615,no,
JURGEN-4202,no,
JURGEN-1235,no,
JURGEN-3609,no,
JURGEN-9571,no,
JURGEN-9141,no,
JURGEN-2178,no,
JURGEN-5139,no,
JURGEN-7056,no,
JURGEN-1009,no,
JURGEN-7896,no,
JURGEN-8110,no,
JURGEN-6213,no,
JURGEN-4035,no,
JURGEN-7815,no,
JURGEN-8093,no,
JURGEN-8482,no,
JURGEN-2742,no,
JURGEN-8193,no,
JURGEN-0203,no,
JURGEN-8699,no,
JURGEN-9831,no,
JURGEN-3831,no,
JURGEN-6249,no,
JURGEN-1759,no,
JURGEN-8626,no,
JURGEN-2508,no,
JURGEN-7681,no,
JURGEN-4401,no,
JURGEN-4536,no,
JURGEN-6930,no,
JURGEN-0762,no,
JURGEN-7176,no,
JURGEN-0488,no,
JURGEN-0644,no,
JURGEN-3857,no,
JURGEN-9266,no,
JURGEN-0938,no,
JURGEN-8287,no,
JURGEN-9149,no,
JURGEN-2506,no,
JURGEN-2227,no,
JURGEN-9156,no,
JURGEN-7624,no,
JURGEN-7972,no,
JURGEN-2496,no,
JURGEN-8556,no,
JURGEN-8490,no,
JURGEN-7659,no,
JURGEN-5413,no,
JURGEN-8220,no,
JURGEN-7510,no,
JURGEN-6329,no,
JURGEN-2309,no,
JURGEN-0246,no,
JURGEN-3210,no,
JURGEN-5063,no,
JURGEN-3015,no,
JURGEN-7240,no,
JURGEN-5854,no,
JURGEN-8747,no,
JURGEN-5098,no,
JURGEN-3364,no,
JURGEN-4346,no,
JURGEN-0379,no,
JURGEN-7783,no,
JURGEN-2708,no,
JURGEN-2643,no,
JURGEN-0202,no,
JURGEN-8060,no,
JURGEN-7194,no,
JURGEN-0753,no,
JURGEN-4350,no,
JURGEN-4870,no,
JURGEN-4015,no,
JURGEN-4897,no,
JURGEN-7234,no,
JURGEN-2948,no,
JURGEN-2602,no,
JURGEN-6323,no,
JURGEN-9213,no,
JURGEN-8164,no,
JURGEN-9935,no,
JURGEN-6382,no,
JURGEN-9302,no,
JURGEN-5432,no,
JURGEN-7766,no,
JURGEN-1903,no,
JURGEN-8355,no,
JURGEN-5250,no,
JURGEN-4959,no,
JURGEN-1935,no,
JURGEN-3100,no,
JURGEN-4923,no,
JURGEN-1938,no,
JURGEN-8664,no,
JURGEN-3094,no,
JURGEN-9722,no,
JURGEN-8025,no,
JURGEN-9374,no,
JURGEN-4141,no,
JURGEN-7845,no,
JURGEN-7552,no,
JURGEN-0954,no,
JURGEN-3809,no,
JURGEN-3170,no,
JURGEN-2996,no,
JURGEN-0106,no,
JURGEN-6371,no,
JURGEN-0479,no,
JURGEN-4426,no,
JURGEN-9608,no,
JURGEN-4646,no,
JURGEN-5495,no,
JURGEN-5648,no,
JURGEN-8587,no,
JURGEN-4079,no,
JURGEN-6265,no,
JURGEN-2274,no,
JURGEN-0713,no,
JURGEN-7461,no,
JURGEN-7171,no,
JURGEN-1839,no,
JURGEN-4503,no,
JURGEN-1590,no,
JURGEN-1539,no,
JURGEN-9588,no,
JURGEN-0688,no,
JURGEN-9017,no,
JURGEN-6052,no,
JURGEN-7848,no,
JURGEN-6842,no,
JURGEN-8485,no,
JURGEN-9890,no,
JURGEN-2333,no,
JURGEN-9981,no,
JURGEN-3747,no,
JURGEN-8936,no,
JURGEN-0445,no,
JURGEN-6857,no,
JURGEN-2877,no,
JURGEN-2257,no,
JURGEN-4200,no,
JURGEN-1753,no,
JURGEN-4960,no,
JURGEN-8723,no,
JURGEN-0485,no,
JURGEN-5210,no,
JURGEN-7583,no,
JURGEN-7695,no,
JURGEN-5173,no,
JURGEN-7261,no,
JURGEN-9260,no,
JURGEN-8545,no,
JURGEN-5840,no,
JURGEN-7319,no,
JURGEN-6412,no,
JURGEN-8226,no,
JURGEN-9756,no,
JURGEN-3389,no,
JURGEN-9161,no,
JURGEN-9985,no,
JURGEN-4497,no,
JURGEN-0351,no,
JURGEN-7279,no,
JURGEN-1217,no,
JURGEN-8305,no,
JURGEN-1118,no,
JURGEN-1473,no,
JURGEN-9674,no,
JURGEN-9453,no,
JURGEN-0315,no,
JURGEN-4033,no,
JURGEN-4361,no,
JURGEN-9158,no,
JURGEN-1478,no,
JURGEN-4860,no,
JURGEN-0121,no,
JURGEN-6338,no,
JURGEN-4479,no,
JURGEN-3730,no,
JURGEN-3622,no,
JURGEN-2733,no,
JURGEN-0928,no,
JURGEN-4754,no,
JURGEN-5990,no,
JURGEN-7027,no,
JURGEN-6204,no,
JURGEN-1887,no,
JURGEN-7332,no,
JURGEN-5699,no,
JURGEN-5500,no,
JURGEN-7588,no,
JURGEN-1679,no,
JURGEN-9300,no,
JURGEN-3532,no,
JURGEN-0749,no,
JURGEN-2823,no,
JURGEN-7190,no,
JURGEN-4022,no,
JURGEN-6350,no,
JURGEN-0443,no,
JURGEN-2850,no,
JURGEN-6227,no,
JURGEN-2283,no,
JURGEN-7483,no,
JURGEN-1620,no,
JURGEN-9980,no,
JURGEN-2897,no,
JURGEN-2440,no,
JURGEN-3581,no,
JURGEN-5491,no,
JURGEN-6920,no,
JURGEN-4940,no,
JURGEN-9641,no,
JURGEN-1113,no,
JURGEN-8763,no,
JURGEN-9319,no,
JURGEN-9601,no,
JURGEN-3821,no,
JURGEN-1222,no,
JURGEN-4998,no,
JURGEN-2901,no,
JURGEN-3068,no,
JURGEN-1377,no,
JURGEN-1244,no,
JURGEN-7259,no,
JURGEN-2686,no,
JURGEN-0618,no,
JURGEN-1146,no,
JURGEN-3281,no,
JURGEN-7593,no,
JURGEN-3948,no,
JURGEN-1959,no,
JURGEN-5415,no,
JURGEN-4266,no,
JURGEN-0495,no,
JURGEN-7214,no,
JURGEN-9987,no,
JURGEN-9121,no,
JURGEN-6269,no,
JURGEN-8549,no,
JURGEN-1519,no,
JURGEN-5752,no,
JURGEN-3460,no,
JURGEN-8599,no,
JURGEN-9003,no,
JURGEN-1945,no,
JURGEN-4092,no,
JURGEN-3916,no,
JURGEN-8849,no,
JURGEN-4653,no,
JURGEN-2325,no,
JURGEN-8160,no,
JURGEN-4964,no,
JURGEN-8894,no,
JURGEN-0199,no,
JURGEN-0392,no,
JURGEN-5918,no,
JURGEN-7572,no,
JURGEN-9834,no,
JURGEN-0744,no,
JURGEN-9369,no,
JURGEN-5550,no,
JURGEN-1781,no,
JURGEN-4624,no,
JURGEN-4143,no,
JURGEN-4509,no,
JURGEN-1310,no,
JURGEN-0501,no,
JURGEN-9128,no,
JURGEN-9249,no,
JURGEN-7591,no,
JURGEN-9600,no,
JURGEN-2171,no,
JURGEN-0370,no,
JURGEN-1755,no,
JURGEN-4872,no,
JURGEN-6998,no,
JURGEN-6024,no,
JURGEN-5286,no,
JURGEN-3887,no,
JURGEN-3310,no,
JURGEN-3947,no,
JURGEN-5627,no,
JURGEN-6393,no,
JURGEN-4254,no,
JURGEN-7064,no,
JURGEN-4228,no,
JURGEN-2072,no,
JURGEN-4598,no,
JURGEN-5208,no,
JURGEN-6494,no,
JURGEN-0021,no,
JURGEN-2114,no,
JURGEN-3391,no,
JURGEN-3415,no,
JURGEN-8620,no,
JURGEN-1600,no,
JURGEN-0264,no,
JURGEN-4045,no,
JURGEN-6064,no,
JURGEN-4327,no,
JURGEN-8838,no,
JURGEN-2180,no,
JURGEN-8473,no,
JURGEN-7423,no,
JURGEN-8259,no,
JURGEN-5768,no,
JURGEN-7425,no,
JURGEN-6833,no,
JURGEN-3754,no,
JURGEN-2716,no,
JURGEN-2937,no,
JURGEN-4522,no,
JURGEN-1542,no,
JURGEN-7580,no,
JURGEN-3418,no,
JURGEN-0478,no,
JURGEN-1074,no,
JURGEN-2213,no,
JURGEN-8781,no,
JURGEN-6518,no,
JURGEN-7958,no,
JURGEN-8317,no,
JURGEN-3690,no,
JURGEN-1870,no,
JURGEN-7390,no,
JURGEN-3711,no,
JURGEN-5972,no,
JURGEN-0024,no,
JURGEN-2372,no,
JURGEN-2360,no,
JURGEN-8725,no,
JURGEN-6484,no,
JURGEN-0673,no,
JURGEN-5211,no,
JURGEN-1691,no,
JURGEN-8746,no,
JURGEN-0955,no,
JURGEN-2957,no,
JURGEN-7626,no,
JURGEN-2203,no,
JURGEN-2557,no,
JURGEN-4928,no,
JURGEN-0858,no,
JURGEN-0901,no,
JURGEN-6467,no,
JURGEN-7671,no,
JURGEN-6097,no,
JURGEN-8869,no,
JURGEN-8991,no,
JURGEN-1110,no,
JURGEN-8876,no,
JURGEN-9628,no,
JURGEN-1130,no,
JURGEN-7355,no,
JURGEN-3049,no,
JURGEN-9765,no,
JURGEN-3975,no,
JURGEN-8137,no,
JURGEN-8714,no,
JURGEN-3120,no,
JURGEN-1355,no,
JURGEN-9177,no,
JURGEN-5478,no,
JURGEN-7001,no,
JURGEN-3369,no,
JURGEN-3129,no,
JURGEN-4997,no,
JURGEN-5329,no,
JURGEN-3427,no,
JURGEN-1489,no,
JURGEN-7996,no,
JURGEN-8495,no,
JURGEN-0242,no,
JURGEN-9197,no,
JURGEN-7136,no,
JURGEN-2793,no,
JURGEN-7315,no,
JURGEN-9864,no,
JURGEN-2932,no,
JURGEN-1771,no,
JURGEN-0655,no,
JURGEN-6173,no,
JURGEN-4171,no,
JURGEN-8386,no,
JURGEN-1216,no,
JURGEN-6541,no,
JURGEN-4597,no,
JURGEN-1403,no,
JURGEN-2224,no,
JURGEN-7447,no,
JURGEN-1629,no,
JURGEN-8887,no,
JURGEN-3608,no,
JURGEN-9855,no,
JURGEN-8061,no,
JURGEN-1953,no,
JURGEN-3710,no,
JURGEN-7039,no,
JURGEN-0111,no,
JURGEN-6501,no,
JURGEN-9000,no,
JURGEN-2122,no,
JURGEN-7775,no,
JURGEN-5310,no,
JURGEN-9240,no,
JURGEN-6362,no,
JURGEN-6652,no,
JURGEN-7507,no,
JURGEN-3906,no,
JURGEN-1116,no,
JURGEN-8411,no,
JURGEN-3936,no,
JURGEN-0717,no,
JURGEN-2064,no,
JURGEN-1720,no,
JURGEN-6096,no,
JURGEN-0122,no,
JURGEN-7818,no,
JURGEN-6701,no,
JURGEN-8944,no,
JURGEN-0884,no,
JURGEN-6874,no,
JURGEN-6288,no,
JURGEN-7312,no,
JURGEN-3432,no,
JURGEN-4242,no,
JURGEN-6529,no,
JURGEN-9924,no,
JURGEN-9295,no,
JURGEN-7345,no,
JURGEN-0666,no,
JURGEN-4539,no,
JURGEN-7465,no,
JURGEN-8819,no,
JURGEN-2908,no,
JURGEN-1270,no,
JURGEN-5697,no,
JURGEN-7873,no,
JURGEN-5620,no,
JURGEN-6291,no,
JURGEN-3249,no,
JURGEN-8451,no,
JURGEN-6409,no,
JURGEN-2977,no,
JURGEN-6600,no,
JURGEN-6222,no,
JURGEN-8610,no,
JURGEN-5801,no,
JURGEN-0825,no,
JURGEN-6201,no,
JURGEN-8309,no,
JURGEN-0318,no,
JURGEN-0617,no,
JURGEN-1544,no,
JURGEN-2345,no,
JURGEN-0553,no,
JURGEN-0854,no,
JURGEN-0347,no,
JURGEN-7716,no,
JURGEN-0245,no,
JURGEN-1195,no,
JURGEN-6735,no,
JURGEN-8684,no,
JURGEN-6475,no,
JURGEN-5158,no,
JURGEN-8513,no,
JURGEN-3512,no,
JURGEN-7377,no,
JURGEN-5525,no,
JURGEN-3526,no,
JURGEN-2042,no,
JURGEN-4481,no,
JURGEN-1134,no,
JURGEN-1727,no,
JURGEN-3772,no,
JURGEN-1571,no,
JURGEN-9803,no,
JURGEN-7537,no,
JURGEN-3647,no,
JURGEN-7289,no,
JURGEN-9292,no,
JURGEN-6236,no,
JURGEN-5580,no,
JURGEN-8651,no,
JURGEN-5758,no,
JURGEN-1978,no,
JURGEN-2655,no,
JURGEN-8663,no,
JURGEN-6858,no,
JURGEN-1756,no,
JURGEN-4689,no,
JURGEN-8560,no,
JURGEN-0663,no,
JURGEN-6163,no,
JURGEN-0183,no,
JURGEN-4842,no,
JURGEN-2729,no,
JURGEN-4073,no,
JURGEN-1747,no,
JURGEN-5912,no,
JURGEN-8399,no,
JURGEN-2153,no,
JURGEN-9891,no,
JURGEN-8426,no,
JURGEN-0274,no,
JURGEN-4696,no,
JURGEN-5685,no,
JURGEN-8099,no,
JURGEN-4296,no,
JURGEN-7746,no,
JURGEN-8517,no,
JURGEN-1140,no,
JURGEN-8461,no,
JURGEN-8500,no,
JURGEN-9584,no,
JURGEN-9519,no,
JURGEN-7400,no,
JURGEN-9556,no,
JURGEN-8348,no,
JURGEN-0982,no,
JURGEN-5071,no,
JURGEN-3429,no,
JURGEN-1006,no,
JURGEN-4205,no,
JURGEN-1348,no,
JURGEN-9473,no,
JURGEN-1677,no,
JURGEN-5743,no,
JURGEN-4587,no,
JURGEN-3573,no,
JURGEN-5837,no,
JURGEN-4974,no,
JURGEN-9932,no,
JURGEN-2314,no,
JURGEN-7055,no,
JURGEN-9805,no,
JURGEN-4152,no,
JURGEN-2402,no,
JURGEN-9648,no,
JURGEN-3534,no,
JURGEN-0254,no,
JURGEN-8750,no,
JURGEN-0819,no,
JURGEN-7573,no,
JURGEN-1359,no,
JURGEN-3986,no,
JURGEN-9849,no,
JURGEN-9220,no,
JURGEN-0551,no,
JURGEN-1323,no,
JURGEN-9814,no,
JURGEN-8135,no,
JURGEN-5467,no,
JURGEN-1477,no,
JURGEN-7872,no,
JURGEN-2330,no,
JURGEN-8686,no,
JURGEN-0464,no,
JURGEN-8576,no,
JURGEN-0866,no,
JURGEN-0906,no,
JURGEN-6512,no,
JURGEN-9476,no,
JURGEN-3585,no,
JURGEN-2723,no,
JURGEN-0609,no,
JURGEN-5841,no,
JURGEN-8202,no,
JURGEN-6942,no,
JURGEN-6074,no,
JURGEN-3448,no,
JURGEN-5344,no,
JURGEN-4080,no,
JURGEN-2774,no,
JURGEN-3836,no,
JURGEN-4734,no,
JURGEN-0772,no,
JURGEN-6365,no,
JURGEN-6154,no,
JURGEN-0998,no,
JURGEN-3593,no,
JURGEN-6640,no,
JURGEN-5588,no,
JURGEN-1792,no,
JURGEN-9168,no,
JURGEN-7420,no,
JURGEN-5798,no,
JURGEN-2918,no,
JURGEN-4459,no,
JURGEN-1181,no,
JURGEN-7701,no,
JURGEN-9705,no,
JURGEN-5655,no,
JURGEN-6670,no,
JURGEN-0268,no,
JURGEN-6713,no,
JURGEN-9539,no,
JURGEN-2080,no,
JURGEN-4082,no,
JURGEN-3304,no,
JURGEN-5404,no,
JURGEN-5428,no,
JURGEN-0492,no,
JURGEN-0917,no,
JURGEN-3757,no,
JURGEN-9423,no,
JURGEN-4410,no,
JURGEN-3897,no,
JURGEN-9211,no,
JURGEN-9080,no,
JURGEN-8827,no,
JURGEN-8933,no,
JURGEN-7174,no,
JURGEN-8557,no,
JURGEN-5705,no,
JURGEN-1371,no,
JURGEN-6926,no,
JURGEN-6825,no,
JURGEN-8248,no,
JURGEN-3425,no,
JURGEN-8759,no,
JURGEN-0916,no,
JURGEN-6422,no,
JURGEN-3555,no,
JURGEN-3944,no,
JURGEN-6935,no,
JURGEN-4809,no,
JURGEN-4761,no,
JURGEN-0676,no,
JURGEN-0177,no,
JURGEN-3138,no,
JURGEN-8402,no,
JURGEN-0324,no,
JURGEN-4091,no,
JURGEN-6617,no,
JURGEN-7503,no,
JURGEN-9645,no,
JURGEN-0381,no,
JURGEN-2992,no,
JURGEN-8364,no,
JURGEN-5767,no,
JURGEN-1038,no,
JURGEN-8607,no,
JURGEN-2573,no,
JURGEN-4291,no,
JURGEN-1683,no,
JURGEN-2853,no,
JURGEN-0205,no,
JURGEN-8184,no,
JURGEN-0481,no,
JURGEN-4765,no,
JURGEN-1361,no,
JURGEN-3048,no,
JURGEN-5494,no,
JURGEN-4948,no,
JURGEN-0159,no,
JURGEN-0951,no,
JURGEN-5830,no,
JURGEN-6865,no,
JURGEN-6741,no,
JURGEN-7163,no,
JURGEN-2746,no,
JURGEN-7790,no,
JURGEN-9551,no,
JURGEN-6904,no,
JURGEN-5039,no,
JURGEN-7397,no,
JURGEN-7893,no,
JURGEN-7213,no,
JURGEN-0421,no,
JURGEN-0806,no,
JURGEN-2939,no,
JURGEN-1225,no,
JURGEN-8030,no,
JURGEN-3224,no,
JURGEN-3416,no,
JURGEN-6965,no,
JURGEN-3697,no,
JURGEN-3379,no,
JURGEN-4906,no,
JURGEN-1635,no,
JURGEN-9878,no,
JURGEN-9294,no,
JURGEN-0844,no,
JURGEN-1073,no,
JURGEN-2703,no,
JURGEN-5078,no,
JURGEN-0414,no,
JURGEN-6515,no,
JURGEN-1182,no,
JURGEN-3060,no,
JURGEN-9913,no,
JURGEN-5436,no,
JURGEN-9254,no,
JURGEN-8815,no,
JURGEN-2023,no,
JURGEN-8992,no,
JURGEN-1333,no,
JURGEN-5497,no,
JURGEN-4389,no,
JURGEN-9270,no,
JURGEN-1804,no,
JURGEN-8260,no,
JURGEN-8534,no,
JURGEN-6132,no,
JURGEN-5883,no,
JURGEN-3319,no,
JURGEN-6442,no,
JURGEN-7628,no,
JURGEN-1476,no,
JURGEN-8917,no,
JURGEN-9061,no,
JURGEN-4225,no,
JURGEN-1962,no,
JURGEN-1654,no,
JURGEN-6649,no,
JURGEN-0174,no,
JURGEN-8483,no,
JURGEN-4519,no,
JURGEN-0615,no,
JURGEN-3870,no,
JURGEN-0345,no,
JURGEN-7800,no,
JURGEN-2969,no,
JURGEN-4560,no,
JURGEN-0191,no,
JURGEN-1179,no,
JURGEN-8860,no,
JURGEN-5772,no,
JURGEN-1526,no,
JURGEN-8303,no,
JURGEN-9209,no,
JURGEN-6479,no,
JURGEN-4375,no,
JURGEN-9126,no,
JURGEN-9415,no,
JURGEN-8521,no,
JURGEN-7666,no,
JURGEN-2916,no,
JURGEN-6822,no,
JURGEN-0128,no,
JURGEN-6049,no,
JURGEN-0836,no,
JURGEN-0684,no,
JURGEN-4958,no,
JURGEN-8388,no,
JURGEN-9035,no,
JURGEN-8095,no,
JURGEN-3462,no,
JURGEN-2560,no,
JURGEN-7861,no,
JURGEN-6610,no,
JURGEN-4753,no,
JURGEN-0512,no,
JURGEN-8316,no,
JURGEN-6750,no,
JURGEN-5721,no,
JURGEN-7156,no,
JURGEN-4838,no,
JURGEN-3082,no,
JURGEN-8822,no,
JURGEN-0983,no,
JURGEN-8732,no,
JURGEN-9448,no,
JURGEN-8004,no,
JURGEN-1250,no,
JURGEN-3423,no,
JURGEN-5892,no,
JURGEN-9541,no,
JURGEN-5633,no,
JURGEN-7982,no,
JURGEN-4918,no,
JURGEN-4942,no,
JURGEN-5726,no,
JURGEN-5930,no,
JURGEN-7270,no,
JURGEN-8498,no,
JURGEN-9362,no,
JURGEN-4148,no,
JURGEN-3633,no,
JURGEN-7876,no,
JURGEN-3396,no,
JURGEN-4432,no,
JURGEN-8154,no,
JURGEN-7584,no,
JURGEN-7986,no,
JURGEN-1042,no,
JURGEN-8496,no,
JURGEN-4760,no,
JURGEN-8427,no,
JURGEN-4619,no,
JURGEN-3591,no,
JURGEN-9666,no,
JURGEN-4145,no,
JURGEN-0820,no,
JURGEN-9689,no,
JURGEN-4020,no,
JURGEN-5725,no,
JURGEN-4168,no,
JURGEN-2559,no,
JURGEN-4829,no,
JURGEN-8773,no,
JURGEN-4781,no,
JURGEN-5642,no,
JURGEN-9185,no,
JURGEN-9367,no,
JURGEN-8540,no,
JURGEN-3125,no,
JURGEN-9271,no,
JURGEN-0773,no,
JURGEN-6396,no,
JURGEN-9788,no,
JURGEN-2665,no,
JURGEN-0062,no,
JURGEN-8841,no,
JURGEN-1503,no,
JURGEN-9607,no,
JURGEN-3883,no,
JURGEN-3762,no,
JURGEN-6077,no,
JURGEN-7366,no,
JURGEN-6883,no,
JURGEN-9853,no,
JURGEN-0346,no,
JURGEN-6726,no,
JURGEN-0687,no,
JURGEN-3466,no,
JURGEN-5444,no,
JURGEN-9573,no,
JURGEN-4335,no,
JURGEN-7488,no,
JURGEN-3245,no,
JURGEN-2371,no,
JURGEN-4353,no,
JURGEN-4516,no,
JURGEN-1417,no,
JURGEN-9111,no,
JURGEN-6316,no,
JURGEN-0662,no,
JURGEN-6549,no,
JURGEN-4604,no,
JURGEN-1919,no,
JURGEN-1283,no,
JURGEN-1900,no,
JURGEN-1185,no,
JURGEN-6497,no,
JURGEN-9801,no,
JURGEN-8385,no,
JURGEN-6528,no,
JURGEN-0068,no,
JURGEN-3977,no,
JURGEN-9421,no,
JURGEN-4574,no,
JURGEN-8239,no,
JURGEN-7793,no,
JURGEN-6181,no,
JURGEN-8075,no,
JURGEN-9054,no,
JURGEN-6142,no,
JURGEN-9100,no,
JURGEN-1364,no,
JURGEN-7230,no,
JURGEN-8250,no,
JURGEN-3901,no,
JURGEN-9322,no,
JURGEN-5547,no,
JURGEN-9206,no,
JURGEN-7320,no,
JURGEN-8660,no,
JURGEN-7241,no,
JURGEN-6300,no,
JURGEN-3758,no,
JURGEN-2327,no,
JURGEN-3188,no,
JURGEN-6129,no,
JURGEN-8337,no,
JURGEN-0425,no,
JURGEN-0163,no,
JURGEN-9218,no,
JURGEN-1012,no,
JURGEN-1392,no,
JURGEN-6852,no,
JURGEN-7098,no,
JURGEN-7323,no,
JURGEN-3921,no,
JURGEN-5354,no,
JURGEN-8113,no,
JURGEN-8374,no,
JURGEN-3453,no,
JURGEN-9152,no,
JURGEN-6145,no,
JURGEN-1335,no,
JURGEN-1576,no,
JURGEN-6355,no,
JURGEN-3566,no,
JURGEN-7850,no,
JURGEN-9276,no,
JURGEN-7278,no,
JURGEN-1496,no,
JURGEN-3839,no,
JURGEN-4757,no,
JURGEN-8283,no,
JURGEN-8447,no,
JURGEN-9889,no,
JURGEN-9693,no,
JURGEN-8853,no,
JURGEN-6539,no,
JURGEN-7956,no,
JURGEN-4366,no,
JURGEN-2448,no,
JURGEN-3913,no,
JURGEN-0643,no,
JURGEN-3065,no,
JURGEN-7011,no,
JURGEN-0845,no,
JURGEN-5155,no,
JURGEN-0369,no,
JURGEN-4858,no,
JURGEN-6015,no,
JURGEN-5180,no,
JURGEN-5245,no,
JURGEN-9357,no,
JURGEN-1401,no,
JURGEN-2450,no,
JURGEN-4167,no,
JURGEN-5124,no,
JURGEN-9807,no,
JURGEN-9481,no,
JURGEN-2770,no,
JURGEN-8744,no,
JURGEN-9433,no,
JURGEN-0613,no,
JURGEN-5287,no,
JURGEN-0810,no,
JURGEN-1060,no,
JURGEN-4492,no,
JURGEN-0484,no,
JURGEN-5958,no,
JURGEN-3868,no,
JURGEN-7456,no,
JURGEN-6157,no,
JURGEN-8963,no,
JURGEN-1483,no,
JURGEN-4806,no,
JURGEN-1638,no,
JURGEN-6815,no,
JURGEN-0973,no,
JURGEN-4611,no,
JURGEN-0731,no,
JURGEN-5088,no,
JURGEN-8586,no,
JURGEN-9787,no,
JURGEN-4260,no,
JURGEN-4048,no,
JURGEN-9896,no,
JURGEN-7611,no,
JURGEN-6559,no,
JURGEN-0728,no,
JURGEN-4576,no,
JURGEN-8334,no,
JURGEN-3362,no,
JURGEN-9069,no,
JURGEN-0000,no,
JURGEN-1645,no,
JURGEN-6136,no,
JURGEN-9269,no,
JURGEN-0714,no,
JURGEN-7947,no,
JURGEN-5595,no,
JURGEN-9274,no,
JURGEN-2350,no,
JURGEN-7478,no,
JURGEN-1173,no,
JURGEN-3435,no,
JURGEN-6281,no,
JURGEN-0752,no,
JURGEN-2531,no,
JURGEN-1589,no,
JURGEN-0534,no,
JURGEN-6292,no,
JURGEN-7692,no,
JURGEN-8880,no,
JURGEN-2549,no,
JURGEN-5765,no,
JURGEN-5061,no,
JURGEN-2418,no,
JURGEN-6524,no,
JURGEN-0218,no,
JURGEN-3081,no,
JURGEN-1269,no,
JURGEN-2688,no,
JURGEN-1166,no,
JURGEN-2818,no,
JURGEN-5681,no,
JURGEN-7664,no,
JURGEN-5898,no,
JURGEN-3259,no,
JURGEN-8361,no,
JURGEN-0187,no,
JURGEN-2049,no,
JURGEN-6390,no,
JURGEN-9501,no,
JURGEN-8886,no,
JURGEN-6023,no,
JURGEN-6546,no,
JURGEN-9475,no,
JURGEN-5562,no,
JURGEN-1228,no,
JURGEN-4719,no,
JURGEN-4357,no,
JURGEN-8031,no,
JURGEN-0394,no,
JURGEN-8835,no,
JURGEN-3970,no,
JURGEN-4763,no,
JURGEN-6774,no,
JURGEN-5540,no,
JURGEN-4543,no,
JURGEN-4388,no,
JURGEN-9074,no,
JURGEN-3721,no,
JURGEN-3725,no,
JURGEN-8098,no,
JURGEN-9320,no,
JURGEN-3107,no,
JURGEN-6799,no,
JURGEN-4671,no,
JURGEN-2003,no,
JURGEN-8116,no,
JURGEN-7708,no,
JURGEN-9086,no,
JURGEN-1857,no,
JURGEN-1530,no,
JURGEN-5460,no,
JURGEN-4332,no,
JURGEN-3765,no,
JURGEN-0895,no,
JURGEN-6504,no,
JURGEN-6237,no,
JURGEN-6802,no,
JURGEN-2135,no,
JURGEN-7887,no,
JURGEN-5664,no,
JURGEN-7558,no,
JURGEN-0446,no,
JURGEN-6905,no,
JURGEN-5861,no,
JURGEN-1312,no,
JURGEN-8400,no,
JURGEN-4686,no,
JURGEN-8176,no,
JURGEN-6121,no,
JURGEN-3050,no,
JURGEN-2571,no,
JURGEN-3241,no,
JURGEN-4738,no,
JURGEN-6740,no,
JURGEN-3803,no,
JURGEN-3331,no,
JURGEN-9344,no,
JURGEN-3016,no,
JURGEN-5556,no,
JURGEN-8204,no,
JURGEN-5202,no,
JURGEN-6625,no,
JURGEN-3849,no,
JURGEN-3670,no,
JURGEN-0247,no,
JURGEN-3165,no,
JURGEN-8486,no,
JURGEN-2778,no,
JURGEN-3199,no,
JURGEN-6711,no,
JURGEN-6648,no,
JURGEN-3976,no,
JURGEN-5909,no,
JURGEN-9948,no,
JURGEN-4384,no,
JURGEN-2875,no,
JURGEN-3283,no,
JURGEN-4172,no,
JURGEN-1470,no,
JURGEN-1603,no,
JURGEN-7936,no,
JURGEN-4676,no,
JURGEN-6018,no,
JURGEN-8238,no,
JURGEN-2339,no,
JURGEN-8233,no,
JURGEN-0349,no,
JURGEN-6013,no,
JURGEN-5893,no,
JURGEN-6968,no,
JURGEN-0342,no,
JURGEN-8566,no,
JURGEN-5591,no,
JURGEN-6605,no,
JURGEN-5490,no,
JURGEN-1031,no,
JURGEN-7509,no,
JURGEN-1145,no,
JURGEN-7090,no,
JURGEN-0442,no,
JURGEN-5406,no,
JURGEN-7785,no,
JURGEN-3588,no,
JURGEN-6425,no,
JURGEN-8190,no,
JURGEN-4139,no,
JURGEN-0818,no,
JURGEN-2164,no,
JURGEN-8211,no,
JURGEN-1071,no,
JURGEN-2888,no,
JURGEN-3514,no,
JURGEN-7482,no,
JURGEN-6005,no,
JURGEN-7338,no,
JURGEN-2511,no,
JURGEN-8323,no,
JURGEN-2951,no,
JURGEN-9034,no,
JURGEN-7652,no,
JURGEN-8306,no,
JURGEN-4636,no,
JURGEN-8034,no,
JURGEN-9268,no,
JURGEN-5694,no,
JURGEN-8510,no,
JURGEN-6401,no,
JURGEN-7328,no,
JURGEN-6411,no,
JURGEN-7853,no,
JURGEN-1622,no,
JURGEN-5010,no,
JURGEN-0769,no,
JURGEN-7381,no,
JURGEN-5875,no,
JURGEN-5776,no,
JURGEN-9399,no,
JURGEN-4657,no,
JURGEN-9455,no,
JURGEN-2929,no,
JURGEN-7780,no,
JURGEN-5434,no,
JURGEN-4313,no,
JURGEN-8301,no,
JURGEN-5845,no,
JURGEN-9425,no,
JURGEN-3215,no,
JURGEN-7817,no,
JURGEN-4019,no,
JURGEN-3855,no,
JURGEN-1682,no,
JURGEN-7357,no,
JURGEN-7586,no,
JURGEN-8276,no,
JURGEN-8453,no,
JURGEN-2032,no,
JURGEN-4819,no,
JURGEN-8469,no,
JURGEN-1833,no,
JURGEN-2014,no,
JURGEN-7975,no,
JURGEN-8570,no,
JURGEN-4917,no,
JURGEN-7394,no,
JURGEN-0533,no,
JURGEN-9652,no,
JURGEN-9838,no,
JURGEN-9366,no,
JURGEN-5327,no,
JURGEN-7179,no,
JURGEN-0995,no,
JURGEN-7568,no,
JURGEN-1711,no,
JURGEN-5222,no,
JURGEN-1949,no,
JURGEN-5215,no,
JURGEN-4223,no,
JURGEN-2799,no,
JURGEN-8362,no,
JURGEN-3496,no,
JURGEN-9406,no,
JURGEN-8511,no,
JURGEN-6910,no,
JURGEN-4732,no,
JURGEN-2400,no,
JURGEN-4024,no,
JURGEN-9324,no,
JURGEN-0681,no,
JURGEN-4445,no,
JURGEN-3334,no,
JURGEN-9148,no,
JURGEN-9375,no,
JURGEN-2116,no,
JURGEN-4506,no,
JURGEN-3062,no,
JURGEN-4203,no,
JURGEN-3535,no,
JURGEN-5630,no,
JURGEN-9361,no,
JURGEN-9317,no,
JURGEN-4279,no,
JURGEN-2110,no,
JURGEN-2541,no,
JURGEN-7686,no,
JURGEN-6868,no,
JURGEN-3856,no,
JURGEN-4120,no,
JURGEN-9527,no,
JURGEN-1475,no,
JURGEN-1991,no,
JURGEN-8523,no,
JURGEN-6290,no,
JURGEN-9146,no,
JURGEN-0171,no,
JURGEN-8895,no,
JURGEN-4422,no,
JURGEN-9450,no,
JURGEN-2199,no,
JURGEN-2685,no,
JURGEN-2244,no,
JURGEN-1997,no,
JURGEN-8929,no,
JURGEN-9385,no,
JURGEN-7725,no,
JURGEN-3011,no,
JURGEN-6336,no,
JURGEN-5713,no,
JURGEN-2035,no,
JURGEN-8640,no,
JURGEN-1302,no,
JURGEN-5101,no,
JURGEN-3327,no,
JURGEN-0516,no,
JURGEN-6669,no,
JURGEN-9205,no,
JURGEN-5802,no,
JURGEN-2749,no,
JURGEN-5526,no,
JURGEN-2385,no,
JURGEN-9468,no,
JURGEN-6895,no,
JURGEN-0575,no,
JURGEN-3878,no,
JURGEN-6407,no,
JURGEN-1091,no,
JURGEN-4214,no,
JURGEN-0608,no,
JURGEN-1820,no,
JURGEN-4265,no,
JURGEN-7339,no,
JURGEN-2264,no,
JURGEN-3508,no,
JURGEN-8955,no,
JURGEN-9227,no,
JURGEN-5309,no,
JURGEN-6075,no,
JURGEN-7691,no,
JURGEN-5099,no,
JURGEN-0084,no,
JURGEN-0874,no,
JURGEN-2671,no,
JURGEN-1640,no,
JURGEN-0883,no,
JURGEN-5095,no,
JURGEN-4529,no,
JURGEN-0377,no,
JURGEN-5597,no,
JURGEN-1609,no,
JURGEN-6331,no,
JURGEN-1876,no,
JURGEN-4491,no,
JURGEN-4993,no,
JURGEN-2762,no,
JURGEN-9036,no,
JURGEN-8874,no,
JURGEN-0800,no,
JURGEN-2775,no,
JURGEN-7704,no,
JURGEN-3614,no,
JURGEN-0867,no,
JURGEN-5992,no,
JURGEN-5411,no,
JURGEN-4420,no,
JURGEN-7718,no,
JURGEN-3873,no,
JURGEN-1400,no,
JURGEN-1232,no,
JURGEN-6248,no,
JURGEN-4373,no,
JURGEN-7575,no,
JURGEN-5783,no,
JURGEN-6261,no,
JURGEN-6582,no,
JURGEN-6745,no,
JURGEN-8649,no,
JURGEN-6287,no,
JURGEN-5978,no,
JURGEN-4012,no,
JURGEN-9650,no,
JURGEN-6525,no,
JURGEN-5759,no,
JURGEN-2944,no,
JURGEN-6806,no,
JURGEN-1059,no,
JURGEN-1680,no,
JURGEN-5300,no,
JURGEN-5761,no,
JURGEN-8720,no,
JURGEN-6999,no,
JURGEN-1178,no,
JURGEN-0638,no,
JURGEN-9066,no,
JURGEN-5523,no,
JURGEN-7202,no,
JURGEN-4453,no,
JURGEN-5135,no,
JURGEN-7433,no,
JURGEN-2707,no,
JURGEN-0066,no,
JURGEN-8035,no,
JURGEN-9469,no,
JURGEN-9057,no,
JURGEN-3511,no,
JURGEN-4455,no,
JURGEN-1868,no,
JURGEN-4987,no,
JURGEN-3634,no,
JURGEN-0621,no,
JURGEN-8940,no,
JURGEN-3406,no,
JURGEN-2043,no,
JURGEN-0308,no,
JURGEN-3557,no,
JURGEN-6934,no,
JURGEN-6377,no,
JURGEN-4399,no,
JURGEN-1439,no,
JURGEN-0716,no,
JURGEN-4099,no,
JURGEN-8639,no,
JURGEN-0879,no,
JURGEN-0843,no,
JURGEN-3853,no,
JURGEN-6917,no,
JURGEN-5795,no,
JURGEN-0779,no,
JURGEN-1772,no,
JURGEN-5188,no,
JURGEN-4976,no,
JURGEN-2076,no,
JURGEN-0135,no,
JURGEN-7803,no,
JURGEN-1662,no,
JURGEN-6945,no,
JURGEN-8832,no,
JURGEN-9316,no,
JURGEN-6547,no,
JURGEN-2097,no,
JURGEN-2704,no,
JURGEN-2115,no,
JURGEN-1280,no,
JURGEN-7763,no,
JURGEN-0703,no,
JURGEN-3755,no,
JURGEN-1823,no,
JURGEN-4625,no,
JURGEN-0697,no,
JURGEN-5652,no,
JURGEN-3778,no,
JURGEN-2000,no,
JURGEN-1388,no,
JURGEN-6818,no,
JURGEN-0627,no,
JURGEN-6705,no,
JURGEN-3988,no,
JURGEN-3917,no,
JURGEN-8993,no,
JURGEN-1081,no,
JURGEN-6392,no,
JURGEN-8843,no,
JURGEN-6306,no,
JURGEN-2528,no,
JURGEN-2201,no,
JURGEN-8153,no,
JURGEN-2925,no,
JURGEN-8789,no,
JURGEN-4116,no,
JURGEN-0745,no,
JURGEN-8189,no,
JURGEN-5753,no,
JURGEN-9478,no,
JURGEN-1436,no,
JURGEN-5842,no,
JURGEN-0465,no,
JURGEN-8580,no,
JURGEN-6320,no,
JURGEN-8621,no,
JURGEN-4041,no,
JURGEN-3361,no,
JURGEN-6688,no,
JURGEN-5443,no,
JURGEN-7442,no,
JURGEN-8915,no,
JURGEN-3572,no,
JURGEN-8474,no,
JURGEN-1529,no,
JURGEN-5151,no,
JURGEN-8236,no,
JURGEN-7436,no,
JURGEN-2870,no,
JURGEN-3509,no,
JURGEN-6328,no,
JURGEN-3942,no,
JURGEN-3834,no,
JURGEN-5044,no,
JURGEN-6120,no,
JURGEN-2100,no,
JURGEN-6349,no,
JURGEN-8132,no,
JURGEN-1080,no,
JURGEN-1888,no,
JURGEN-8092,no,
JURGEN-5119,no,
JURGEN-7665,no,
JURGEN-9590,no,
JURGEN-9883,no,
JURGEN-3928,no,
JURGEN-3183,no,
JURGEN-2562,no,
JURGEN-9633,no,
JURGEN-2584,no,
JURGEN-2157,no,
JURGEN-4674,no,
JURGEN-8027,no,
JURGEN-2204,no,
JURGEN-8902,no,
JURGEN-5665,no,
JURGEN-5553,no,
JURGEN-8146,no,
JURGEN-6424,no,
JURGEN-1064,no,
JURGEN-9591,no,
JURGEN-0544,no,
JURGEN-5539,no,
JURGEN-4413,no,
JURGEN-2449,no,
JURGEN-9299,no,
JURGEN-7309,no,
JURGEN-1944,no,
JURGEN-5872,no,
JURGEN-1605,no,
JURGEN-0327,no,
JURGEN-6384,no,
JURGEN-0292,no,
JURGEN-0463,no,
JURGEN-3502,no,
JURGEN-2285,no,
JURGEN-6902,no,
JURGEN-6188,no,
JURGEN-2292,no,
JURGEN-5179,no,
JURGEN-9456,no,
JURGEN-7110,no,
JURGEN-6381,no,
JURGEN-3639,no,
JURGEN-7791,no,
JURGEN-4372,no,
JURGEN-9229,no,
JURGEN-5549,no,
JURGEN-1281,no,
JURGEN-4230,no,
JURGEN-2555,no,
JURGEN-9342,no,
JURGEN-0355,no,
JURGEN-3884,no,
JURGEN-5981,no,
JURGEN-3731,no,
JURGEN-4766,no,
JURGEN-7444,no,
JURGEN-5418,no,
JURGEN-6589,no,
JURGEN-5745,no,
JURGEN-7207,no,
JURGEN-8538,no,
JURGEN-7293,no,
JURGEN-6415,no,
JURGEN-5750,no,
JURGEN-2539,no,
JURGEN-8338,no,
JURGEN-0080,no,
JURGEN-1055,no,
JURGEN-9500,no,
JURGEN-6027,no,
JURGEN-2943,no,
JURGEN-3499,no,
JURGEN-8532,no,
JURGEN-4456,no,
JURGEN-1085,no,
JURGEN-3587,no,
JURGEN-7299,no,
JURGEN-7565,no,
JURGEN-4632,no,
JURGEN-8932,no,
JURGEN-5902,no,
JURGEN-6053,no,
JURGEN-2973,no,
JURGEN-7002,no,
JURGEN-5492,no,
JURGEN-8343,no,
JURGEN-2034,no,
JURGEN-7404,no,
JURGEN-6567,no,
JURGEN-2991,no,
JURGEN-6036,no,
JURGEN-2900,no,
JURGEN-9482,no,
JURGEN-9677,no,
JURGEN-5382,no,
JURGEN-6368,no,
JURGEN-3412,no,
JURGEN-3223,no,
JURGEN-0956,no,
JURGEN-1413,no,
JURGEN-7894,no,
JURGEN-8950,no,
JURGEN-5852,no,
JURGEN-2550,no,
JURGEN-6128,no,
JURGEN-3006,no,
JURGEN-9235,no,
JURGEN-8245,no,
JURGEN-1751,no,
JURGEN-8700,no,
JURGEN-5267,no,
JURGEN-8284,no,
JURGEN-1912,no,
JURGEN-7446,no,
JURGEN-7297,no,
JURGEN-9758,no,
JURGEN-1902,no,
JURGEN-2277,no,
JURGEN-8846,no,
JURGEN-8879,no,
JURGEN-3544,no,
JURGEN-0147,no,
JURGEN-7921,no,
JURGEN-4852,no,
JURGEN-2727,no,
JURGEN-3822,no,
JURGEN-1192,no,
JURGEN-5067,no,
JURGEN-1805,no,
JURGEN-9364,no,
JURGEN-5818,no,
JURGEN-2630,no,
JURGEN-4305,no,
JURGEN-4565,no,
JURGEN-5905,no,
JURGEN-1103,no,
JURGEN-5148,no,
JURGEN-8864,no,
JURGEN-4066,no,
JURGEN-9656,no,
JURGEN-8726,no,
JURGEN-2693,no,
JURGEN-3689,no,
JURGEN-5504,no,
JURGEN-9290,no,
JURGEN-3201,no,
JURGEN-4442,no,
JURGEN-0269,no,
JURGEN-7933,no,
JURGEN-7154,no,
JURGEN-2586,no,
JURGEN-7337,no,
JURGEN-1782,no,
JURGEN-2563,no,
JURGEN-8341,no,
JURGEN-0241,no,
JURGEN-0519,no,
JURGEN-0974,no,
JURGEN-9818,no,
JURGEN-9103,no,
JURGEN-0398,no,
JURGEN-1485,no,
JURGEN-3525,no,
JURGEN-4088,no,
JURGEN-3443,no,
JURGEN-6523,no,
JURGEN-7111,no,
JURGEN-1346,no,
JURGEN-4889,no,
JURGEN-1523,no,
JURGEN-0221,no,
JURGEN-9033,no,
JURGEN-8552,no,
JURGEN-7625,no,
JURGEN-9107,no,
JURGEN-3615,no,
JURGEN-8115,no,
JURGEN-4929,no,
JURGEN-0095,no,
JURGEN-1429,no,
JURGEN-5610,no,
JURGEN-8755,no,
JURGEN-4412,no,
JURGEN-2478,no,
JURGEN-3124,no,
JURGEN-7784,no,
JURGEN-0725,no,
JURGEN-3583,no,
JURGEN-1704,no,
JURGEN-5907,no,
JURGEN-4177,no,
JURGEN-4473,no,
JURGEN-7288,no,
JURGEN-5869,no,
JURGEN-5966,no,
JURGEN-9877,no,
JURGEN-7072,no,
JURGEN-2310,no,
JURGEN-2486,no,
JURGEN-1342,no,
JURGEN-2030,no,
JURGEN-5747,no,
JURGEN-1822,no,
JURGEN-8066,no,
JURGEN-0830,no,
JURGEN-5391,no,
JURGEN-9984,no,
JURGEN-3439,no,
JURGEN-8384,no,
JURGEN-3098,no,
JURGEN-2790,no,
JURGEN-9949,no,
JURGEN-8140,no,
JURGEN-7133,no,
JURGEN-6878,no,
JURGEN-9087,no,
JURGEN-4827,no,
JURGEN-0049,no,
JURGEN-9368,no,
JURGEN-6375,no,
JURGEN-1939,no,
JURGEN-1858,no,
JURGEN-3070,no,
JURGEN-6570,no,
JURGEN-5572,no,
JURGEN-1819,no,
JURGEN-8777,no,
JURGEN-3159,no,
JURGEN-6860,no,
JURGEN-0490,no,
JURGEN-7184,no,
JURGEN-8178,no,
JURGEN-5711,no,
JURGEN-7358,no,
JURGEN-6982,no,
JURGEN-0750,no,
JURGEN-8509,no,
JURGEN-7980,no,
JURGEN-1713,no,
JURGEN-8422,no,
JURGEN-1639,no,
JURGEN-0535,no,
JURGEN-6673,no,
JURGEN-5938,no,
JURGEN-5960,no,
JURGEN-1512,no,
JURGEN-7741,no,
JURGEN-4400,no,
JURGEN-0038,no,
JURGEN-8114,no,
JURGEN-0675,no,
JURGEN-0631,no,
JURGEN-4469,no,
JURGEN-9690,no,
JURGEN-4477,no,
JURGEN-1468,no,
JURGEN-6398,no,
JURGEN-1625,no,
JURGEN-2086,no,
JURGEN-3715,no,
JURGEN-4026,no,
JURGEN-9241,no,
JURGEN-3597,no,
JURGEN-3775,no,
JURGEN-5760,no,
JURGEN-6279,no,
JURGEN-4824,no,
JURGEN-6476,no,
JURGEN-6317,no,
JURGEN-9340,no,
JURGEN-3456,no,
JURGEN-2891,no,
JURGEN-7863,no,
JURGEN-7363,no,
JURGEN-1656,no,
JURGEN-6704,no,
JURGEN-0576,no,
JURGEN-0248,no,
JURGEN-5274,no,
JURGEN-2769,no,
JURGEN-8551,no,
JURGEN-8848,no,
JURGEN-3914,no,
JURGEN-8416,no,
JURGEN-0412,no,
JURGEN-5026,no,
JURGEN-5056,no,
JURGEN-8471,no,
JURGEN-2796,no,
JURGEN-6569,no,
JURGEN-7004,no,
JURGEN-0132,no,
JURGEN-1029,no,
JURGEN-6967,no,
JURGEN-6763,no,
JURGEN-8375,no,
JURGEN-4644,no,
JURGEN-6335,no,
JURGEN-5780,no,
JURGEN-0712,no,
JURGEN-3113,no,
JURGEN-3372,no,
JURGEN-4651,no,
JURGEN-4871,no,
JURGEN-5277,no,
JURGEN-0823,no,
JURGEN-6322,no,
JURGEN-4768,no,
JURGEN-1703,no,
JURGEN-6225,no,
JURGEN-7186,no,
JURGEN-4310,no,
JURGEN-4165,no,
JURGEN-3965,no,
JURGEN-1498,no,
JURGEN-4908,no,
JURGEN-4801,no,
JURGEN-1735,no,
JURGEN-9379,no,
JURGEN-6367,no,
JURGEN-0281,no,
JURGEN-9639,no,
JURGEN-1153,no,
JURGEN-7724,no,
JURGEN-8839,no,
JURGEN-9056,no,
JURGEN-6346,no,
JURGEN-8403,no,
JURGEN-8369,no,
JURGEN-5167,no,
JURGEN-4925,no,
JURGEN-7755,no,
JURGEN-7073,no,
JURGEN-7590,no,
JURGEN-4640,no,
JURGEN-7712,no,
JURGEN-5405,no,
JURGEN-4884,no,
JURGEN-1188,no,
JURGEN-7827,no,
JURGEN-9863,no,
JURGEN-5401,no,
JURGEN-0233,no,
JURGEN-2388,no,
JURGEN-6598,no,
JURGEN-6113,no,
JURGEN-1726,no,
JURGEN-0295,no,
JURGEN-0580,no,
JURGEN-9715,no,
JURGEN-8346,no,
JURGEN-3966,no,
JURGEN-8424,no,
JURGEN-5004,no,
JURGEN-7477,no,
JURGEN-2669,no,
JURGEN-0041,no,
JURGEN-7045,no,
JURGEN-5878,no,
JURGEN-9304,no,
JURGEN-4343,no,
JURGEN-9990,no,
JURGEN-2534,no,
JURGEN-0509,no,
JURGEN-0070,no,
JURGEN-9860,no,
JURGEN-4449,no,
JURGEN-4555,no,
JURGEN-4031,no,
JURGEN-5607,no,
JURGEN-2089,no,
JURGEN-5991,no,
JURGEN-5859,no,
JURGEN-8057,no,
JURGEN-4973,no,
JURGEN-3950,no,
JURGEN-6436,no,
JURGEN-4431,no,
JURGEN-5680,no,
JURGEN-8857,no,
JURGEN-6746,no,
JURGEN-2754,no,
JURGEN-8733,no,
JURGEN-4367,no,
JURGEN-6682,no,
JURGEN-9933,no,
JURGEN-2456,no,
JURGEN-8636,no,
JURGEN-3320,no,
JURGEN-6634,no,
JURGEN-3222,no,
JURGEN-9665,no,
JURGEN-1141,no,
JURGEN-2868,no,
JURGEN-6955,no,
JURGEN-7010,no,
JURGEN-4934,no,
JURGEN-7660,no,
JURGEN-4573,no,
JURGEN-8627,no,
JURGEN-7993,no,
JURGEN-8884,no,
JURGEN-3344,no,
JURGEN-7392,no,
JURGEN-2246,no,
JURGEN-5066,no,
JURGEN-9207,no,
JURGEN-1278,no,
JURGEN-5190,no,
JURGEN-4424,no,
JURGEN-3933,no,
JURGEN-5431,no,
JURGEN-2683,no,
JURGEN-9021,no,
JURGEN-7792,no,
JURGEN-7902,no,
JURGEN-3579,no,
JURGEN-7143,no,
JURGEN-1803,no,
JURGEN-4229,no,
JURGEN-2898,no,
JURGEN-4630,no,
JURGEN-2934,no,
JURGEN-2616,no,
JURGEN-4322,no,
JURGEN-7067,no,
JURGEN-0340,no,
JURGEN-0259,no,
JURGEN-3151,no,
JURGEN-3957,no,
JURGEN-7945,no,
JURGEN-2211,no,
JURGEN-7867,no,
JURGEN-0498,no,
JURGEN-5152,no,
JURGEN-5040,no,
JURGEN-3981,no,
JURGEN-2763,no,
JURGEN-1528,no,
JURGEN-0188,no,
JURGEN-3902,no,
JURGEN-1510,no,
JURGEN-1304,no,
JURGEN-2430,no,
JURGEN-4159,no,
JURGEN-6716,no,
JURGEN-7538,no,
JURGEN-8258,no,
JURGEN-5319,no,
JURGEN-2336,no,
JURGEN-0930,no,
JURGEN-1701,no,
JURGEN-9457,no,
JURGEN-6891,no,
JURGEN-7515,no,
JURGEN-8200,no,
JURGEN-5429,no,
JURGEN-9914,no,
JURGEN-1251,no,
JURGEN-6853,no,
JURGEN-0571,no,
JURGEN-3354,no,
JURGEN-3392,no,
JURGEN-7303,no,
JURGEN-3881,no,
JURGEN-0105,no,
JURGEN-8868,no,
JURGEN-6742,no,
JURGEN-5342,no,
JURGEN-4206,no,
JURGEN-1386,no,
JURGEN-7995,no,
JURGEN-8270,no,
JURGEN-0060,no,
JURGEN-1336,no,
JURGEN-1563,no,
JURGEN-9505,no,
JURGEN-2999,no,
JURGEN-8128,no,
JURGEN-1076,no,
JURGEN-7964,no,
JURGEN-5701,no,
JURGEN-9333,no,
JURGEN-3421,no,
JURGEN-9969,no,
JURGEN-6051,no,
JURGEN-1883,no,
JURGEN-7711,no,
JURGEN-8775,no,
JURGEN-6506,no,
JURGEN-4324,no,
JURGEN-3449,no,
JURGEN-7231,no,
JURGEN-9164,no,
JURGEN-7796,no,
JURGEN-0873,no,
JURGEN-5522,no,
JURGEN-2864,no,
JURGEN-0958,no,
JURGEN-9044,no,
JURGEN-1493,no,
JURGEN-1256,no,
JURGEN-4000,no,
JURGEN-3951,no,
JURGEN-5170,no,
JURGEN-9560,no,
JURGEN-8171,no,
JURGEN-9943,no,
JURGEN-4590,no,
JURGEN-8101,no,
JURGEN-8854,no,
JURGEN-3359,no,
JURGEN-2174,no,
JURGEN-2869,no,
JURGEN-4325,no,
JURGEN-0957,no,
JURGEN-4001,no,
JURGEN-9963,no,
JURGEN-3894,no,
JURGEN-2328,no,
JURGEN-7954,no,
JURGEN-2917,no,
JURGEN-5614,no,
JURGEN-4890,no,
JURGEN-4169,no,
JURGEN-5733,no,
JURGEN-1580,no,
JURGEN-2682,no,
JURGEN-0886,no,
JURGEN-2104,no,
JURGEN-4994,no,
JURGEN-2235,no,
JURGEN-1637,no,
JURGEN-5998,no,
JURGEN-1889,no,
JURGEN-1568,no,
JURGEN-6630,no,
JURGEN-0647,no,
JURGEN-1520,no,
JURGEN-8581,no,
JURGEN-9352,no,
JURGEN-6273,no,
JURGEN-1365,no,
JURGEN-7717,no,
JURGEN-4144,no,
JURGEN-1941,no,
JURGEN-1621,no,
JURGEN-1831,no,
JURGEN-0487,no,
JURGEN-5246,no,
JURGEN-2578,no,
JURGEN-5669,no,
JURGEN-8982,no,
JURGEN-3766,no,
JURGEN-4484,no,
JURGEN-7356,no,
JURGEN-2316,no,
JURGEN-0439,no,
JURGEN-2457,no,
JURGEN-4535,no,
JURGEN-5986,no,
JURGEN-9825,no,
JURGEN-9582,no,
JURGEN-1241,no,
JURGEN-5514,no,
JURGEN-3419,no,
JURGEN-9282,no,
JURGEN-8795,no,
JURGEN-6280,no,
JURGEN-5419,no,
JURGEN-9169,no,
JURGEN-5096,no,
JURGEN-4647,no,
JURGEN-6643,no,
JURGEN-5192,no,
JURGEN-2435,no,
JURGEN-9134,no,
JURGEN-7882,no,
JURGEN-9389,no,
JURGEN-1732,no,
JURGEN-5346,no,
JURGEN-9376,no,
JURGEN-1551,no,
JURGEN-6900,no,
JURGEN-5372,no,
JURGEN-0785,no,
JURGEN-4243,no,
JURGEN-9239,no,
JURGEN-8389,no,
JURGEN-7092,no,
JURGEN-2007,no,
JURGEN-9503,no,
JURGEN-3814,no,
JURGEN-6278,no,
JURGEN-0782,no,
JURGEN-3779,no,
JURGEN-1068,no,
JURGEN-8023,no,
JURGEN-3729,no,
JURGEN-8363,no,
JURGEN-8898,no,
JURGEN-5794,no,
JURGEN-8187,no,
JURGEN-7548,no,
JURGEN-7405,no,
JURGEN-1971,no,
JURGEN-1943,no,
JURGEN-1432,no,
JURGEN-7705,no,
JURGEN-8001,no,
JURGEN-9494,no,
JURGEN-7139,no,
JURGEN-3923,no,
JURGEN-2600,no,
JURGEN-1584,no,
JURGEN-7378,no,
JURGEN-3992,no,
JURGEN-0550,no,
JURGEN-3384,no,
JURGEN-9233,no,
JURGEN-7759,no,
JURGEN-9250,no,
JURGEN-6472,no,
JURGEN-1408,no,
JURGEN-6707,no,
JURGEN-2662,no,
JURGEN-6389,no,
JURGEN-1138,no,
JURGEN-7854,no,
JURGEN-9888,no,
JURGEN-7574,no,
JURGEN-3841,no,
JURGEN-5560,no,
JURGEN-6731,no,
JURGEN-2217,no,
JURGEN-3871,no,
JURGEN-7209,no,
JURGEN-9123,no,
JURGEN-3599,no,
JURGEN-9709,no,
JURGEN-2844,no,
JURGEN-0335,no,
JURGEN-5422,no,
JURGEN-5736,no,
JURGEN-3852,no,
JURGEN-6028,no,
JURGEN-2712,no,
JURGEN-4867,no,
JURGEN-8862,no,
JURGEN-5943,no,
JURGEN-2718,no,
JURGEN-6069,no,
JURGEN-9313,no,
JURGEN-1630,no,
JURGEN-0480,no,
JURGEN-8269,no,
JURGEN-9194,no,
JURGEN-4356,no,
JURGEN-4609,no,
JURGEN-2393,no,
JURGEN-2026,no,
JURGEN-4333,no,
JURGEN-4547,no,
JURGEN-5530,no,
JURGEN-2234,no,
JURGEN-4288,no,
JURGEN-2890,no,
JURGEN-3644,no,
JURGEN-0279,no,
JURGEN-6672,no,
JURGEN-1607,no,
JURGEN-8090,no,
JURGEN-1170,no,
JURGEN-2589,no,
JURGEN-6644,no,
JURGEN-7529,no,
JURGEN-4193,no,
JURGEN-9872,no,
JURGEN-5850,no,
JURGEN-8690,no,
JURGEN-7000,no,
JURGEN-6662,no,
JURGEN-8927,no,
JURGEN-7925,no,
JURGEN-1086,no,
JURGEN-3611,no,
JURGEN-9586,no,
JURGEN-3336,no,
JURGEN-8629,no,
JURGEN-4283,no,
JURGEN-4933,no,
JURGEN-8987,no,
JURGEN-8787,no,
JURGEN-2745,no,
JURGEN-5899,no,
JURGEN-4409,no,
JURGEN-1826,no,
JURGEN-7125,no,
JURGEN-3619,no,
JURGEN-5430,no,
JURGEN-3616,no,
JURGEN-6452,no,
JURGEN-7399,no,
JURGEN-5812,no,
JURGEN-0975,no,
JURGEN-9621,no,
JURGEN-8006,no,
JURGEN-9847,no,
JURGEN-2298,no,
JURGEN-6527,no,
JURGEN-3719,no,
JURGEN-4846,no,
JURGEN-0261,no,
JURGEN-4685,no,
JURGEN-0055,no,
JURGEN-5457,no,
JURGEN-2566,no,
JURGEN-4234,no,
JURGEN-7008,no,
JURGEN-8814,no,
JURGEN-7672,no,
JURGEN-8800,no,
JURGEN-6580,no,
JURGEN-7864,no,
JURGEN-5212,no,
JURGEN-7571,no,
JURGEN-5626,no,
JURGEN-3903,no,
JURGEN-0088,no,
JURGEN-3828,no,
JURGEN-0244,no,
JURGEN-7753,no,
JURGEN-1183,no,
JURGEN-1460,no,
JURGEN-3702,no,
JURGEN-5877,no,
JURGEN-8275,no,
JURGEN-5529,no,
JURGEN-7083,no,
JURGEN-6870,no,
JURGEN-5856,no,
JURGEN-4273,no,
JURGEN-8920,no,
JURGEN-3208,no,
JURGEN-3104,no,
JURGEN-4703,no,
JURGEN-2477,no,
JURGEN-7026,no,
JURGEN-7998,no,
JURGEN-5994,no,
JURGEN-6765,no,
JURGEN-8939,no,
JURGEN-8694,no,
JURGEN-3953,no,
JURGEN-8823,no,
JURGEN-5748,no,
JURGEN-3886,no,
JURGEN-0607,no,
JURGEN-7042,no,
JURGEN-9649,no,
JURGEN-1357,no,
JURGEN-9848,no,
JURGEN-7198,no,
JURGEN-7050,no,
JURGEN-8468,no,
JURGEN-0994,no,
JURGEN-5623,no,
JURGEN-7657,no,
JURGEN-2608,no,
JURGEN-1968,no,
JURGEN-5082,no,
JURGEN-3515,no,
JURGEN-0270,no,
JURGEN-9434,no,
JURGEN-9710,no,
JURGEN-4799,no,
JURGEN-9404,no,
JURGEN-3008,no,
JURGEN-2491,no,
JURGEN-7364,no,
JURGEN-6871,no,
JURGEN-5465,no,
JURGEN-2814,no,
JURGEN-9355,no,
JURGEN-3601,no,
JURGEN-6221,no,
JURGEN-8059,no,
JURGEN-5257,no,
JURGEN-9577,no,
JURGEN-1297,no,
JURGEN-0905,no,
JURGEN-1951,no,
JURGEN-8476,no,
JURGEN-4210,no,
JURGEN-9566,no,
JURGEN-0972,no,
JURGEN-5980,no,
JURGEN-9915,no,
JURGEN-0176,no,
JURGEN-7070,no,
JURGEN-0375,no,
JURGEN-4892,no,
JURGEN-4571,no,
JURGEN-5535,no,
JURGEN-0189,no,
JURGEN-3623,no,
JURGEN-5995,no,
JURGEN-8916,no,
JURGEN-8972,no,
JURGEN-0157,no,
JURGEN-8754,no,
JURGEN-0358,no,
JURGEN-1474,no,
JURGEN-3167,no,
JURGEN-3085,no,
JURGEN-3147,no,
JURGEN-4287,no,
JURGEN-7966,no,
JURGEN-6164,no,
JURGEN-7679,no,
JURGEN-4032,no,
JURGEN-7066,no,
JURGEN-3298,no,
JURGEN-8643,no,
JURGEN-7352,no,
JURGEN-1030,no,
JURGEN-4627,no,
JURGEN-3301,no,
JURGEN-5887,no,
JURGEN-0282,no,
JURGEN-9691,no,
JURGEN-1976,no,
JURGEN-3716,no,
JURGEN-0944,no,
JURGEN-8973,no,
JURGEN-3983,no,
JURGEN-1259,no,
JURGEN-7330,no,
JURGEN-1570,no,
JURGEN-6386,no,
JURGEN-0654,no,
JURGEN-9750,no,
JURGEN-6270,no,
JURGEN-5140,no,
JURGEN-8437,no,
JURGEN-0468,no,
JURGEN-8056,no,
JURGEN-2126,no,
JURGEN-9151,no,
JURGEN-5689,no,
JURGEN-6038,no,
JURGEN-3539,no,
JURGEN-7389,no,
JURGEN-3251,no,
JURGEN-2735,no,
JURGEN-8698,no,
JURGEN-7079,no,
JURGEN-4795,no,
JURGEN-9480,no,
JURGEN-8186,no,
JURGEN-1660,no,
JURGEN-7579,no,
JURGEN-3240,no,
JURGEN-2553,no,
JURGEN-7953,no,
JURGEN-2720,no,
JURGEN-2046,no,
JURGEN-6250,no,
JURGEN-5982,no,
JURGEN-8442,no,
JURGEN-3030,no,
JURGEN-1147,no,
JURGEN-3880,no,
JURGEN-5762,no,
JURGEN-4749,no,
JURGEN-8919,no,
JURGEN-1096,no,
JURGEN-9428,no,
JURGEN-4005,no,
JURGEN-1171,no,
JURGEN-0650,no,
JURGEN-4178,no,
JURGEN-1487,no,
JURGEN-6446,no,
JURGEN-2303,no,
JURGEN-6187,no,
JURGEN-7809,no,
JURGEN-0766,no,
JURGEN-1223,no,
JURGEN-3258,no,
JURGEN-8021,no,
JURGEN-1687,no,
JURGEN-2627,no,
JURGEN-8601,no,
JURGEN-9064,no,
JURGEN-2017,no,
JURGEN-8077,no,
JURGEN-5256,no,
JURGEN-8778,no,
JURGEN-8237,no,
JURGEN-9071,no,
JURGEN-0273,no,
JURGEN-9114,no,
JURGEN-2804,no,
JURGEN-8339,no,
JURGEN-8231,no,
JURGEN-4759,no,
JURGEN-2609,no,
JURGEN-6447,no,
JURGEN-3045,no,
JURGEN-3734,no,
JURGEN-4418,no,
JURGEN-2866,no,
JURGEN-7988,no,
JURGEN-4882,no,
JURGEN-2652,no,
JURGEN-6827,no,
JURGEN-3022,no,
JURGEN-0134,no,
JURGEN-4292,no,
JURGEN-6496,no,
JURGEN-4904,no,
JURGEN-0179,no,
JURGEN-3656,no,
JURGEN-0591,no,
JURGEN-5646,no,
JURGEN-0143,no,
JURGEN-3537,no,
JURGEN-9972,no,
JURGEN-0316,no,
JURGEN-8052,no,
JURGEN-0234,no,
JURGEN-6808,no,
JURGEN-2415,no,
JURGEN-4406,no,
JURGEN-6045,no,
JURGEN-6130,no,
JURGEN-7752,no,
JURGEN-0306,no,
JURGEN-4450,no,
JURGEN-1816,no,
JURGEN-0537,no,
JURGEN-3382,no,
JURGEN-2907,no,
JURGEN-1790,no,
JURGEN-6937,no,
JURGEN-0002,no,
JURGEN-3797,no,
JURGEN-7535,no,
JURGEN-9471,no,
JURGEN-5799,no,
JURGEN-2273,no,
JURGEN-8910,no,
JURGEN-7540,no,
JURGEN-6197,no,
JURGEN-7054,no,
JURGEN-2278,no,
JURGEN-0912,no,
JURGEN-1309,no,
JURGEN-4233,no,
JURGEN-0789,no,
JURGEN-8475,no,
JURGEN-5041,no,
JURGEN-5573,no,
JURGEN-3494,no,
JURGEN-4826,no,
JURGEN-1693,no,
JURGEN-8760,no,
JURGEN-9593,no,
JURGEN-0303,no,
JURGEN-8321,no,
JURGEN-5133,no,
JURGEN-6517,no,
JURGEN-7460,no,
JURGEN-4221,no,
JURGEN-0724,no,
JURGEN-6811,no,
JURGEN-1246,no,
JURGEN-7729,no,
JURGEN-5358,no,
JURGEN-9653,no,
JURGEN-7105,no,
JURGEN-7473,no,
JURGEN-6591,no,
JURGEN-5221,no,
JURGEN-3072,no,
JURGEN-7607,no,
JURGEN-0310,no,
JURGEN-6964,no,
JURGEN-3915,no,
JURGEN-9959,no,
JURGEN-6684,no,
JURGEN-9285,no,
JURGEN-9555,no,
JURGEN-4042,no,
JURGEN-4965,no,
JURGEN-4084,no,
JURGEN-4282,no,
JURGEN-2167,no,
JURGEN-9784,no,
JURGEN-9091,no,
JURGEN-0953,no,
JURGEN-5157,no,
JURGEN-1381,no,
JURGEN-7521,no,
JURGEN-2192,no,
JURGEN-8878,no,
JURGEN-2252,no,
JURGEN-5217,no,
JURGEN-6863,no,
JURGEN-7346,no,
JURGEN-9261,no,
JURGEN-2447,no,
JURGEN-3820,no,
JURGEN-5517,no,
JURGEN-6555,no,
JURGEN-6309,no,
JURGEN-7199,no,
JURGEN-3357,no,
JURGEN-5947,no,
JURGEN-8803,no,
JURGEN-8071,no,
JURGEN-9568,no,
JURGEN-4562,no,
JURGEN-2572,no,
JURGEN-0184,no,
JURGEN-2165,no,
JURGEN-9746,no,
JURGEN-1954,no,
JURGEN-5409,no,
JURGEN-5658,no,
JURGEN-8900,no,
JURGEN-1636,no,
JURGEN-0563,no,
JURGEN-0978,no,
JURGEN-2439,no,
JURGEN-5196,no,
JURGEN-1952,no,
JURGEN-8662,no,
JURGEN-1433,no,
JURGEN-8497,no,
JURGEN-7430,no,
JURGEN-8419,no,
JURGEN-1961,no,
JURGEN-6098,no,
JURGEN-3348,no,
JURGEN-3139,no,
JURGEN-7715,no,
JURGEN-2220,no,
JURGEN-2239,no,
JURGEN-2767,no,
JURGEN-2317,no,
JURGEN-6941,no,
JURGEN-1824,no,
JURGEN-9190,no,
JURGEN-9272,no,
JURGEN-0993,no,
JURGEN-4385,no,
JURGEN-5706,no,
JURGEN-5034,no,
JURGEN-7333,no,
JURGEN-2102,no,
JURGEN-9231,no,
JURGEN-0257,no,
JURGEN-6685,no,
JURGEN-1811,no,
JURGEN-6502,no,
JURGEN-0922,no,
JURGEN-2909,no,
JURGEN-4425,no,
JURGEN-7047,no,
JURGEN-2645,no,
JURGEN-0831,no,
JURGEN-1399,no,
JURGEN-0462,no,
JURGEN-8668,no,
JURGEN-8340,no,
JURGEN-9570,no,
JURGEN-2067,no,
JURGEN-9339,no,
JURGEN-3307,no,
JURGEN-6683,no,
JURGEN-3128,no,
JURGEN-6677,no,
JURGEN-8892,no,
JURGEN-4028,no,
JURGEN-9945,no,
JURGEN-4572,no,
JURGEN-4500,no,
JURGEN-6056,no,
JURGEN-7210,no,
JURGEN-3428,no,
JURGEN-0149,no,
JURGEN-7086,no,
JURGEN-2904,no,
JURGEN-5857,no,
JURGEN-9014,no,
JURGEN-2787,no,
JURGEN-2343,no,
JURGEN-9010,no,
JURGEN-2935,no,
JURGEN-9684,no,
JURGEN-6519,no,
JURGEN-6805,no,
JURGEN-2967,no,
JURGEN-5866,no,
JURGEN-9311,no,
JURGEN-5014,no,
JURGEN-6341,no,
JURGEN-3232,no,
JURGEN-8893,no,
JURGEN-5037,no,
JURGEN-1325,no,
JURGEN-7040,no,
JURGEN-0859,no,
JURGEN-9578,no,
JURGEN-2811,no,
JURGEN-5487,no,
JURGEN-3561,no,
JURGEN-4553,no,
JURGEN-6215,no,
JURGEN-7912,no,
JURGEN-1511,no,
JURGEN-2033,no,
JURGEN-1875,no,
JURGEN-2927,no,
JURGEN-4101,no,
JURGEN-3510,no,
JURGEN-7934,no,
JURGEN-0881,no,
JURGEN-1931,no,
JURGEN-0541,no,
JURGEN-8968,no,
JURGEN-8707,no,
JURGEN-4463,no,
JURGEN-7041,no,
JURGEN-6170,no,
JURGEN-2121,no,
JURGEN-7304,no,
JURGEN-0821,no,
JURGEN-5193,no,
JURGEN-5647,no,
JURGEN-8042,no,
JURGEN-1044,no,
JURGEN-3083,no,
JURGEN-9199,no,
JURGEN-7829,no,
JURGEN-5507,no,
JURGEN-9757,no,
JURGEN-2785,no,
JURGEN-6956,no,
JURGEN-8313,no,
JURGEN-1023,no,
JURGEN-4909,no,
JURGEN-1827,no,
JURGEN-6776,no,
JURGEN-3475,no,
JURGEN-2815,no,
JURGEN-1177,no,
JURGEN-2133,no,
JURGEN-2139,no,
JURGEN-1521,no,
JURGEN-8481,no,
JURGEN-8520,no,
JURGEN-6039,no,
JURGEN-3442,no,
JURGEN-0610,no,
JURGEN-2469,no,
JURGEN-5264,no,
JURGEN-1560,no,
JURGEN-9791,no,
JURGEN-2926,no,
JURGEN-0215,no,
JURGEN-6203,no,
JURGEN-8158,no,
JURGEN-3912,no,
JURGEN-4380,no,
JURGEN-2045,no,
JURGEN-6286,no,
JURGEN-6224,no,
JURGEN-4063,no,
JURGEN-5456,no,
JURGEN-9546,no,
JURGEN-2370,no,
JURGEN-3991,no,
JURGEN-1107,no,
JURGEN-1905,no,
JURGEN-1706,no,
JURGEN-4751,no,
JURGEN-0178,no,
JURGEN-1093,no,
JURGEN-3972,no,
JURGEN-7424,no,
JURGEN-8458,no,
JURGEN-9572,no,
JURGEN-7017,no,
JURGEN-8533,no,
JURGEN-7523,no,
JURGEN-7484,no,
JURGEN-1466,no,
JURGEN-7816,no,
JURGEN-1341,no,
JURGEN-4321,no,
JURGEN-6849,no,
JURGEN-8502,no,
JURGEN-1643,no,
JURGEN-4505,no,
JURGEN-8922,no,
JURGEN-7298,no,
JURGEN-3166,no,
JURGEN-5775,no,
JURGEN-2329,no,
JURGEN-7130,no,
JURGEN-4769,no,
JURGEN-9222,no,
JURGEN-6464,no,
JURGEN-6245,no,
JURGEN-2125,no,
JURGEN-7361,no,
JURGEN-6191,no,
JURGEN-1438,no,
JURGEN-9783,no,
JURGEN-1536,no,
JURGEN-1099,no,
JURGEN-2376,no,
JURGEN-8036,no,
JURGEN-8691,no,
JURGEN-1791,no,
JURGEN-5134,no,
JURGEN-7554,no,
JURGEN-0300,no,
JURGEN-6720,no,
JURGEN-7038,no,
JURGEN-4125,no,
JURGEN-1482,no,
JURGEN-8896,no,
JURGEN-3335,no,
JURGEN-2705,no,
JURGEN-0362,no,
JURGEN-5884,no,
JURGEN-5773,no,
JURGEN-4037,no,
JURGEN-4723,no,
JURGEN-8890,no,
JURGEN-9766,no,
JURGEN-9173,no,
JURGEN-3801,no,
JURGEN-0338,no,
JURGEN-3276,no,
JURGEN-3467,no,
JURGEN-1062,no,
JURGEN-3969,no,
JURGEN-4831,no,
JURGEN-9772,no,
JURGEN-2570,no,
JURGEN-5383,no,
JURGEN-7778,no,
JURGEN-2103,no,
JURGEN-0343,no,
JURGEN-4104,no,
JURGEN-4950,no,
JURGEN-3433,no,
JURGEN-9928,no,
JURGEN-6604,no,
JURGEN-8143,no,
JURGEN-7943,no,
JURGEN-8905,no,
JURGEN-1286,no,
JURGEN-4891,no,
JURGEN-4755,no,
JURGEN-2855,no,
JURGEN-7322,no,
JURGEN-3297,no,
JURGEN-4053,no,
JURGEN-8216,no,
JURGEN-3375,no,
JURGEN-2351,no,
JURGEN-6285,no,
JURGEN-7232,no,
JURGEN-9685,no,
JURGEN-9923,no,
JURGEN-6729,no,
JURGEN-3103,no,
JURGEN-4836,no,
JURGEN-9532,no,
JURGEN-3955,no,
JURGEN-9782,no,
JURGEN-4699,no,
JURGEN-0907,no,
JURGEN-4885,no,
JURGEN-7126,no,
JURGEN-2163,no,
JURGEN-5486,no,
JURGEN-2055,no,
JURGEN-9135,no,
JURGEN-9462,no,
JURGEN-4629,no,
JURGEN-3053,no,
JURGEN-1054,no,
JURGEN-7647,no,
JURGEN-7869,no,
JURGEN-8647,no,
JURGEN-1209,no,
JURGEN-6008,no,
JURGEN-4943,no,
JURGEN-2202,no,
JURGEN-5704,no,
JURGEN-1308,no,
JURGEN-3811,no,
JURGEN-6619,no,
JURGEN-9204,no,
JURGEN-3409,no,
JURGEN-2128,no,
JURGEN-8304,no,
JURGEN-8512,no,
JURGEN-4707,no,
JURGEN-4490,no,
JURGEN-0746,no,
JURGEN-4087,no,
JURGEN-0941,no,
JURGEN-6977,no,
JURGEN-9383,no,
JURGEN-0169,no,
JURGEN-9431,no,
JURGEN-7216,no,
JURGEN-1586,no,
JURGEN-3288,no,
JURGEN-5729,no,
JURGEN-3799,no,
JURGEN-6690,no,
JURGEN-6730,no,
JURGEN-5862,no,
JURGEN-0229,no,
JURGEN-8352,no,
JURGEN-9977,no,
JURGEN-7385,no,
JURGEN-1906,no,
JURGEN-7990,no,
JURGEN-2941,no,
JURGEN-9140,no,
JURGEN-1120,no,
JURGEN-2087,no,
JURGEN-8173,no,
JURGEN-9870,no,
JURGEN-3806,no,
JURGEN-2056,no,
JURGEN-3411,no,
JURGEN-4423,no,
JURGEN-9545,no,
JURGEN-5266,no,
JURGEN-9613,no,
JURGEN-1362,no,
JURGEN-6310,no,
JURGEN-0307,no,
JURGEN-5668,no,
JURGEN-0742,no,
JURGEN-9955,no,
JURGEN-3035,no,
JURGEN-1873,no,
JURGEN-1011,no,
JURGEN-8487,no,
JURGEN-2063,no,
JURGEN-9449,no,
JURGEN-7750,no,
JURGEN-1852,no,
JURGEN-0569,no,
JURGEN-6353,no,
JURGEN-0206,no,
JURGEN-2291,no,
JURGEN-3845,no,
JURGEN-1552,no,
JURGEN-9967,no,
JURGEN-7677,no,
JURGEN-3752,no,
JURGEN-5879,no,
JURGEN-8465,no,
JURGEN-3919,no,
JURGEN-3842,no,
JURGEN-5493,no,
JURGEN-4857,no,
JURGEN-5903,no,
JURGEN-4818,no,
JURGEN-5676,no,
JURGEN-3560,no,
JURGEN-8852,no,
JURGEN-3708,no,
JURGEN-2922,no,
JURGEN-2095,no,
JURGEN-4508,no,
JURGEN-4741,no,
JURGEN-6012,no,
JURGEN-7250,no,
JURGEN-3155,no,
JURGEN-0033,no,
JURGEN-9810,no,
JURGEN-0719,no,
JURGEN-2380,no,
JURGEN-5339,no,
JURGEN-1139,no,
JURGEN-5518,no,
JURGEN-3055,no,
JURGEN-9815,no,
JURGEN-5858,no,
JURGEN-5499,no,
JURGEN-4123,no,
JURGEN-2398,no,
JURGEN-1722,no,
JURGEN-2726,no,
JURGEN-9703,no,
JURGEN-8315,no,
JURGEN-2516,no,
JURGEN-7195,no,
JURGEN-5834,no,
JURGEN-2487,no,
JURGEN-9886,no,
JURGEN-7911,no,
JURGEN-6721,no,
JURGEN-5742,no,
JURGEN-8828,no,
JURGEN-2319,no,
JURGEN-8635,no,
JURGEN-1738,no,
JURGEN-4869,no,
JURGEN-9565,no,
JURGEN-9868,no,
JURGEN-2736,no,
JURGEN-9039,no,
JURGEN-1573,no,
JURGEN-6608,no,
JURGEN-0133,no,
JURGEN-2423,no,
JURGEN-1456,no,
JURGEN-7776,no,
JURGEN-1775,no,
JURGEN-7324,no,
JURGEN-5640,no,
JURGEN-2397,no,
JURGEN-7149,no,
JURGEN-3402,no,
JURGEN-8928,no,
JURGEN-1243,no,
JURGEN-8866,no,
JURGEN-6360,no,
JURGEN-0691,no,
JURGEN-7100,no,
JURGEN-5919,no,
JURGEN-1131,no,
JURGEN-3742,no,
JURGEN-6441,no,
JURGEN-6319,no,
JURGEN-0489,no,
JURGEN-2542,no,
JURGEN-4603,no,
JURGEN-2675,no,
JURGEN-4315,no,
JURGEN-1092,no,
JURGEN-5022,no,
JURGEN-2691,no,
JURGEN-0597,no,
JURGEN-1632,no,
JURGEN-0747,no,
JURGEN-6691,no,
JURGEN-4246,no,
JURGEN-0545,no,
JURGEN-4297,no,
JURGEN-2857,no,
JURGEN-7020,no,
JURGEN-3862,no,
JURGEN-8996,no,
JURGEN-0360,no,
JURGEN-0946,no,
JURGEN-3343,no,
JURGEN-4309,no,
JURGEN-9718,no,
JURGEN-8914,no,
JURGEN-4220,no,
JURGEN-6256,no,
JURGEN-1940,no,
JURGEN-3142,no,
JURGEN-9011,no,
JURGEN-4733,no,
JURGEN-2004,no,
JURGEN-3668,no,
JURGEN-4379,no,
JURGEN-9005,no,
JURGEN-0486,no,
JURGEN-8614,no,
JURGEN-3438,no,
JURGEN-6100,no,
JURGEN-2238,no,
JURGEN-3168,no,
JURGEN-6185,no,
JURGEN-1252,no,
JURGEN-1837,no,
JURGEN-0181,no,
JURGEN-4851,no,
JURGEN-7819,no,
JURGEN-1604,no,
JURGEN-8227,no,
JURGEN-8256,no,
JURGEN-4722,no,
JURGEN-6116,no,
JURGEN-8435,no,
JURGEN-3602,no,
JURGEN-5672,no,
JURGEN-4922,no,
JURGEN-5009,no,
JURGEN-8254,no,
JURGEN-7830,no,
JURGEN-4693,no,
JURGEN-6921,no,
JURGEN-1518,no,
JURGEN-5176,no,
JURGEN-4262,no,
JURGEN-8169,no,
JURGEN-9467,no,
JURGEN-9610,no,
JURGEN-5484,no,
JURGEN-0547,no,
JURGEN-0428,no,
JURGEN-0129,no,
JURGEN-2995,no,
JURGEN-6561,no,
JURGEN-1463,no,
JURGEN-2706,no,
JURGEN-0604,no,
JURGEN-2348,no,
JURGEN-1083,no,
JURGEN-9341,no,
JURGEN-7112,no,
JURGEN-8032,no,
JURGEN-9382,no,
JURGEN-6402,no,
JURGEN-4805,no,
JURGEN-8871,no,
JURGEN-4030,no,
JURGEN-8782,no,
JURGEN-7696,no,
JURGEN-0413,no,
JURGEN-8448,no,
JURGEN-2151,no,
JURGEN-3209,no,
JURGEN-4865,no,
JURGEN-3265,no,
JURGEN-0628,no,
JURGEN-9661,no,
JURGEN-7468,no,
JURGEN-0173,no,
JURGEN-1846,no,
JURGEN-8555,no,
JURGEN-9255,no,
JURGEN-8779,no,
JURGEN-0474,no,
JURGEN-6010,no,
JURGEN-5120,no,
JURGEN-2583,no,
JURGEN-7928,no,
JURGEN-3643,no,
JURGEN-7946,no,
JURGEN-6019,no,
JURGEN-9789,no,
JURGEN-6361,no,
JURGEN-8715,no,
JURGEN-9644,no,
JURGEN-0795,no,
JURGEN-0214,no,
JURGEN-8809,no,
JURGEN-8312,no,
JURGEN-6207,no,
JURGEN-5608,no,
JURGEN-8494,no,
JURGEN-0788,no,
JURGEN-8243,no,
JURGEN-5635,no,
JURGEN-4217,no,
JURGEN-8467,no,
JURGEN-7922,no,
JURGEN-1303,no,
JURGEN-7496,no,
JURGEN-7740,no,
JURGEN-6065,no,
JURGEN-1975,no,
JURGEN-6629,no,
JURGEN-7205,no,
JURGEN-5337,no,
JURGEN-1871,no,
JURGEN-1922,no,
JURGEN-0012,no,
JURGEN-4701,no,
JURGEN-3738,no,
JURGEN-1447,no,
JURGEN-4239,no,
JURGEN-3596,no,
JURGEN-0935,no,
JURGEN-7866,no,
JURGEN-1917,no,
JURGEN-5631,no,
JURGEN-1204,no,
JURGEN-2154,no,
JURGEN-8051,no,
JURGEN-9336,no,
JURGEN-5777,no,
JURGEN-5632,no,
JURGEN-6831,no,
JURGEN-5895,no,
JURGEN-5551,no,
JURGEN-0699,no,
JURGEN-3763,no,
JURGEN-9297,no,
JURGEN-3925,no,
JURGEN-3383,no,
JURGEN-8015,no,
JURGEN-5910,no,
JURGEN-1770,no,
JURGEN-9768,no,
JURGEN-2152,no,
JURGEN-3099,no,
JURGEN-2856,no,
JURGEN-2831,no,
JURGEN-4569,no,
JURGEN-9696,no,
JURGEN-6354,no,
JURGEN-7940,no,
JURGEN-6622,no,
JURGEN-6812,no,
JURGEN-0008,no,
JURGEN-0926,no,
JURGEN-2338,no,
JURGEN-7395,no,
JURGEN-8921,no,
JURGEN-6247,no,
JURGEN-1651,no,
JURGEN-0249,no,
JURGEN-8519,no,
JURGEN-8563,no,
JURGEN-2502,no,
JURGEN-9624,no,
JURGEN-3621,no,
JURGEN-6562,no,
JURGEN-2554,no,
JURGEN-0144,no,
JURGEN-6180,no,
JURGEN-5185,no,
JURGEN-5321,no,
JURGEN-2210,no,
JURGEN-2660,no,
JURGEN-1373,no,
JURGEN-2037,no,
JURGEN-1056,no,
JURGEN-7077,no,
JURGEN-2214,no,
JURGEN-1797,no,
JURGEN-7291,no,
JURGEN-8207,no,
JURGEN-4216,no,
JURGEN-7365,no,
JURGEN-0299,no,
JURGEN-3626,no,
JURGEN-5616,no,
JURGEN-5367,no,
JURGEN-8177,no,
JURGEN-1891,no,
JURGEN-0524,no,
JURGEN-0507,no,
JURGEN-0802,no,
JURGEN-0754,no,
JURGEN-7582,no,
JURGEN-1206,no,
JURGEN-7991,no,
JURGEN-0847,no,
JURGEN-6717,no,
JURGEN-6020,no,
JURGEN-3722,no,
JURGEN-2801,no,
JURGEN-2772,no,
JURGEN-5077,no,
JURGEN-4472,no,
JURGEN-1370,no,
JURGEN-0602,no,
JURGEN-2109,no,
JURGEN-8961,no,
JURGEN-1486,no,
JURGEN-7735,no,
JURGEN-0457,no,
JURGEN-3036,no,
JURGEN-9736,no,
JURGEN-4669,no,
JURGEN-4163,no,
JURGEN-8954,no,
JURGEN-3674,no,
JURGEN-0761,no,
JURGEN-1339,no,
JURGEN-0848,no,
JURGEN-7454,no,
JURGEN-0565,no,
JURGEN-5820,no,
JURGEN-0824,no,
JURGEN-4859,no,
JURGEN-9286,no,
JURGEN-2015,no,
JURGEN-7450,no,
JURGEN-5933,no,
JURGEN-6505,no,
JURGEN-1402,no,
JURGEN-4614,no,
JURGEN-1942,no,
JURGEN-4416,no,
JURGEN-6516,no,
JURGEN-6533,no,
JURGEN-3156,no,
JURGEN-4825,no,
JURGEN-7889,no,
JURGEN-6837,no,
JURGEN-4451,no,
JURGEN-9184,no,
JURGEN-8628,no,
JURGEN-2218,no,
JURGEN-6218,no,
JURGEN-2187,no,
JURGEN-2591,no,
JURGEN-6552,no,
JURGEN-9441,no,
JURGEN-0220,no,
JURGEN-5723,no,
JURGEN-8297,no,
JURGEN-3675,no,
JURGEN-7263,no,
JURGEN-2784,no,
JURGEN-0694,no,
JURGEN-9397,no,
JURGEN-9634,no,
JURGEN-7528,no,
JURGEN-5025,no,
JURGEN-9400,no,
JURGEN-6182,no,
JURGEN-6016,no,
JURGEN-8623,no,
JURGEN-6134,no,
JURGEN-7719,no,
JURGEN-5357,no,
JURGEN-7884,no,
JURGEN-6264,no,
JURGEN-5838,no,
JURGEN-6754,no,
JURGEN-6759,no,
JURGEN-9934,no,
JURGEN-0630,no,
JURGEN-4326,no,
JURGEN-0777,no,
JURGEN-5519,no,
JURGEN-3705,no,
JURGEN-6003,no,
JURGEN-0016,no,
JURGEN-3381,no,
JURGEN-4697,no,
JURGEN-5576,no,
JURGEN-6855,no,
JURGEN-5417,no,
JURGEN-2498,no,
JURGEN-6242,no,
JURGEN-7549,no,
JURGEN-8104,no,
JURGEN-5565,no,
JURGEN-5225,no,
JURGEN-6894,no,
JURGEN-6426,no,
JURGEN-1908,no,
JURGEN-3559,no,
JURGEN-5291,no,
JURGEN-0037,no,
JURGEN-5544,no,
JURGEN-1366,no,
JURGEN-6823,no,
JURGEN-0493,no,
JURGEN-6088,no,
JURGEN-0417,no,
JURGEN-8858,no,
JURGEN-7987,no,
JURGEN-0353,no,
JURGEN-0200,no,
JURGEN-0981,no,
JURGEN-2438,no,
JURGEN-0556,no,
JURGEN-2269,no,
JURGEN-6766,no,
JURGEN-8931,no,
JURGEN-9971,no,
JURGEN-3732,no,
JURGEN-6834,no,
JURGEN-8981,no,
JURGEN-0531,no,
JURGEN-8618,no,
JURGEN-8766,no,
JURGEN-2860,no,
JURGEN-5433,no,
JURGEN-2118,no,
JURGEN-1980,no,
JURGEN-0674,no,
JURGEN-9536,no,
JURGEN-6229,no,
JURGEN-8817,no,
JURGEN-4189,no,
JURGEN-7453,no,
JURGEN-0036,no,
JURGEN-6821,no,
JURGEN-4788,no,
JURGEN-6050,no,
JURGEN-4558,no,
JURGEN-0797,no,
JURGEN-4108,no,
JURGEN-9623,no,
JURGEN-6854,no,
JURGEN-1389,no,
JURGEN-7835,no,
JURGEN-0051,no,
JURGEN-5065,no,
JURGEN-1509,no,
JURGEN-6342,no,
JURGEN-4561,no,
JURGEN-5452,no,
JURGEN-5501,no,
JURGEN-0500,no,
JURGEN-2760,no,
JURGEN-8764,no,
JURGEN-4069,no,
JURGEN-3192,no,
JURGEN-2065,no,
JURGEN-7546,no,
JURGEN-1611,no,
JURGEN-2460,no,
JURGEN-5362,no,
JURGEN-1025,no,
JURGEN-8415,no,
JURGEN-8946,no,
JURGEN-2825,no,
JURGEN-1319,no,
JURGEN-4556,no,
JURGEN-0410,no,
JURGEN-0420,no,
JURGEN-0942,no,
JURGEN-7168,no,
JURGEN-7497,no,
JURGEN-6214,no,
JURGEN-7118,no,
JURGEN-3422,no,
JURGEN-6211,no,
JURGEN-4458,no,
JURGEN-3373,no,
JURGEN-2131,no,
JURGEN-3290,no,
JURGEN-5200,no,
JURGEN-1866,no,
JURGEN-4969,no,
JURGEN-0497,no,
JURGEN-7762,no,
JURGEN-0913,no,
JURGEN-1285,no,
JURGEN-5381,no,
JURGEN-8366,no,
JURGEN-8960,no,
JURGEN-9774,no,
JURGEN-2971,no,
JURGEN-7471,no,
JURGEN-1137,no,
JURGEN-3003,no,
JURGEN-7777,no,
JURGEN-4945,no,
JURGEN-4213,no,
JURGEN-1596,no,
JURGEN-3547,no,
JURGEN-0899,no,
JURGEN-8833,no,
JURGEN-8979,no,
JURGEN-5542,no,
JURGEN-9370,no,
JURGEN-7256,no,
JURGEN-5558,no,
JURGEN-9846,no,
JURGEN-6732,no,
JURGEN-9195,no,
JURGEN-9687,no,
JURGEN-3282,no,
JURGEN-8279,no,
JURGEN-6724,no,
JURGEN-3403,no,
JURGEN-0828,no,
JURGEN-8593,no,
JURGEN-3830,no,
JURGEN-6841,no,
JURGEN-9225,no,
JURGEN-9084,no,
JURGEN-2719,no,
JURGEN-7057,no,
JURGEN-6626,no,
JURGEN-0168,no,
JURGEN-2299,no,
JURGEN-0226,no,
JURGEN-1500,no,
JURGEN-5800,no,
JURGEN-4830,no,
JURGEN-6819,no,
JURGEN-5516,no,
JURGEN-8646,no,
JURGEN-4617,no,
JURGEN-5048,no,
JURGEN-1387,no,
JURGEN-3175,no,
JURGEN-1090,no,
JURGEN-9262,no,
JURGEN-7525,no,
JURGEN-8327,no,
JURGEN-4186,no,
JURGEN-7742,no,
JURGEN-4648,no,
JURGEN-8745,no,
JURGEN-3315,no,
JURGEN-3667,no,
JURGEN-8717,no,
JURGEN-0826,no,
JURGEN-7204,no,
JURGEN-8611,no,
JURGEN-7811,no,
JURGEN-9609,no,
JURGEN-0715,no,
JURGEN-7788,no,
JURGEN-5031,no,
JURGEN-8091,no,
JURGEN-9191,no,
JURGEN-6951,no,
JURGEN-1814,no,
JURGEN-6166,no,
JURGEN-0139,no,
JURGEN-5392,no,
JURGEN-7370,no,
JURGEN-2170,no,
JURGEN-4263,no,
JURGEN-2634,no,
JURGEN-9900,no,
JURGEN-8078,no,
JURGEN-3683,no,
JURGEN-0839,no,
JURGEN-5581,no,
JURGEN-8911,no,
JURGEN-6333,no,
JURGEN-7411,no,
JURGEN-1627,no,
JURGEN-8606,no,
JURGEN-6477,no,
JURGEN-4124,no,
JURGEN-8049,no,
JURGEN-3693,no,
JURGEN-3771,no,
JURGEN-1739,no,
JURGEN-1033,no,
JURGEN-7396,no,
JURGEN-5740,no,
JURGEN-4762,no,
JURGEN-3973,no,
JURGEN-5541,no,
JURGEN-9371,no,
JURGEN-2185,no,
JURGEN-0028,no,
JURGEN-8597,no,
JURGEN-6455,no,
JURGEN-8797,no,
JURGEN-5050,no,
JURGEN-2806,no,
JURGEN-0217,no,
JURGEN-4062,no,
JURGEN-4236,no,
JURGEN-8582,no,
JURGEN-6094,no,
JURGEN-8616,no,
JURGEN-3154,no,
JURGEN-2596,no,
JURGEN-9038,no,
JURGEN-4391,no,
JURGEN-1313,no,
JURGEN-2658,no,
JURGEN-7941,no,
JURGEN-3126,no,
JURGEN-4599,no,
JURGEN-2384,no,
JURGEN-8281,no,
JURGEN-8683,no,
JURGEN-6646,no,
JURGEN-0718,no,
JURGEN-4176,no,
JURGEN-7379,no,
JURGEN-0477,no,
JURGEN-0863,no,
JURGEN-0166,no,
JURGEN-7837,no,
JURGEN-3248,no,
JURGEN-5968,no,
JURGEN-1835,no,
JURGEN-9760,no,
JURGEN-6503,no,
JURGEN-2942,no,
JURGEN-9953,no,
JURGEN-2771,no,
JURGEN-8596,no,
JURGEN-5232,no,
JURGEN-2889,no,
JURGEN-1502,no,
JURGEN-3399,no,
JURGEN-0288,no,
JURGEN-4320,no,
JURGEN-7137,no,
JURGEN-0904,no,
JURGEN-6657,no,
JURGEN-4963,no,
JURGEN-1378,no,
JURGEN-1094,no,
JURGEN-7602,no,
JURGEN-6359,no,
JURGEN-3540,no,
JURGEN-5160,no,
JURGEN-2452,no,
JURGEN-7764,no,
JURGEN-6613,no,
JURGEN-3578,no,
JURGEN-4787,no,
JURGEN-5369,no,
JURGEN-8531,no,
JURGEN-3749,no,
JURGEN-8740,no,
JURGEN-1893,no,
JURGEN-6744,no,
JURGEN-7903,no,
JURGEN-7891,no,
JURGEN-4304,no,
JURGEN-1524,no,
JURGEN-3180,no,
JURGEN-4374,no,
JURGEN-6962,no,
JURGEN-5509,no,
JURGEN-3313,no,
JURGEN-9922,no,
JURGEN-2297,no,
JURGEN-2265,no,
JURGEN-8752,no,
JURGEN-8163,no,
JURGEN-2807,no,
JURGEN-2667,no,
JURGEN-1394,no,
JURGEN-7432,no,
JURGEN-2342,no,
JURGEN-7860,no,
JURGEN-9131,no,
JURGEN-1631,no,
JURGEN-0502,no,
JURGEN-0207,no,
JURGEN-0677,no,
JURGEN-8053,no,
JURGEN-7868,no,
JURGEN-6217,no,
JURGEN-8130,no,
JURGEN-6307,no,
JURGEN-4786,no,
JURGEN-3550,no,
JURGEN-0311,no,
JURGEN-8328,no,
JURGEN-3231,no,
JURGEN-7745,no,
JURGEN-5953,no,
JURGEN-2215,no,
JURGEN-6106,no,
JURGEN-7570,no,
JURGEN-6223,no,
JURGEN-1212,no,
JURGEN-1184,no,
JURGEN-5189,no,
JURGEN-4621,no,
JURGEN-2672,no,
JURGEN-1885,no,
JURGEN-3952,no,
JURGEN-2980,no,
JURGEN-9430,no,
JURGEN-7620,no,
JURGEN-9427,no,
JURGEN-0852,no,
JURGEN-3595,no,
JURGEN-1058,no,
JURGEN-6800,no,
JURGEN-5325,no,
JURGEN-2517,no,
JURGEN-6568,no,
JURGEN-9160,no,
JURGEN-6193,no,
JURGEN-8086,no,
JURGEN-9331,no,
JURGEN-1813,no,
JURGEN-1994,no,
JURGEN-7215,no,
JURGEN-6491,no,
JURGEN-0603,no,
JURGEN-1021,no,
JURGEN-6749,no,
JURGEN-4675,no,
JURGEN-1127,no,
JURGEN-0961,no,
JURGEN-0053,no,
JURGEN-9167,no,
JURGEN-6078,no,
JURGEN-7518,no,
JURGEN-0693,no,
JURGEN-5195,no,
JURGEN-2501,no,
JURGEN-6877,no,
JURGEN-3137,no,
JURGEN-3863,no,
JURGEN-9359,no,
JURGEN-5609,no,
JURGEN-9443,no,
JURGEN-2410,no,
JURGEN-2143,no,
JURGEN-7187,no,
JURGEN-5645,no,
JURGEN-5263,no,
JURGEN-1119,no,
JURGEN-1126,no,
JURGEN-0064,no,
JURGEN-5851,no,
JURGEN-7197,no,
JURGEN-9993,no,
JURGEN-0589,no,
JURGEN-9188,no,
JURGEN-8820,no,
JURGEN-0287,no,
JURGEN-4679,no,
JURGEN-0748,no,
JURGEN-6655,no,
JURGEN-8050,no,
JURGEN-1292,no,
JURGEN-0887,no,
JURGEN-5738,no,
JURGEN-2794,no,
JURGEN-9882,no,
JURGEN-6651,no,
JURGEN-7145,no,
JURGEN-2635,no,
JURGEN-4684,no,
JURGEN-4094,no,
JURGEN-8222,no,
JURGEN-1301,no,
JURGEN-1467,no,
JURGEN-8167,no,
JURGEN-9275,no,
JURGEN-3096,no,
JURGEN-4381,no,
JURGEN-3879,no,
JURGEN-4482,no,
JURGEN-1664,no,
JURGEN-3594,no,
JURGEN-9513,no,
JURGEN-5366,no,
JURGEN-4721,no,
JURGEN-8826,no,
JURGEN-2209,no,
JURGEN-1255,no,
JURGEN-5543,no,
JURGEN-3299,no,
JURGEN-0074,no,
JURGEN-0364,no,
JURGEN-2237,no,
JURGEN-9417,no,
JURGEN-5538,no,
JURGEN-0286,no,
JURGEN-5619,no,
JURGEN-2459,no,
JURGEN-3134,no,
JURGEN-2084,no,
JURGEN-2480,no,
JURGEN-6975,no,
JURGEN-9664,no,
JURGEN-5921,no,
JURGEN-3592,no,
JURGEN-8680,no,
JURGEN-4586,no,
JURGEN-3949,no,
JURGEN-7881,no,
JURGEN-0298,no,
JURGEN-7901,no,
JURGEN-5015,no,
JURGEN-1426,no,
JURGEN-9911,no,
JURGEN-7084,no,
JURGEN-2858,no,
JURGEN-1861,no,
JURGEN-0018,no,
JURGEN-7547,no,
JURGEN-4804,no,
JURGEN-0577,no,
JURGEN-4776,no,
JURGEN-6950,no,
JURGEN-4429,no,
JURGEN-1778,no,
JURGEN-7984,no,
JURGEN-5503,no,
JURGEN-6105,no,
JURGEN-3162,no,
JURGEN-6044,no,
JURGEN-8401,no,
JURGEN-9447,no,
JURGEN-4537,no,
JURGEN-0808,no,
JURGEN-3329,no,
JURGEN-1197,no,
JURGEN-8395,no,
JURGEN-4698,no,
JURGEN-2674,no,
JURGEN-5977,no,
JURGEN-7080,no,
JURGEN-2464,no,
JURGEN-9726,no,
JURGEN-6801,no,
JURGEN-5952,no,
JURGEN-7031,no,
JURGEN-7140,no,
JURGEN-1208,no,
JURGEN-5241,no,
JURGEN-4397,no,
JURGEN-8807,no,
JURGEN-0161,no,
JURGEN-7605,no,
JURGEN-3236,no,
JURGEN-2905,no,
JURGEN-8516,no,
JURGEN-8749,no,
JURGEN-2243,no,
JURGEN-6480,no,
JURGEN-5571,no,
JURGEN-9598,no,
JURGEN-1321,no,
JURGEN-0692,no,
JURGEN-9372,no,
JURGEN-2357,no,
JURGEN-4841,no,
JURGEN-0103,no,
JURGEN-1397,no,
JURGEN-7178,no,
JURGEN-0616,no,
JURGEN-9595,no,
JURGEN-5770,no,
JURGEN-2263,no,
JURGEN-8229,no,
JURGEN-7834,no,
JURGEN-3551,no,
JURGEN-8956,no,
JURGEN-7631,no,
JURGEN-6002,no,
JURGEN-5159,no,
JURGEN-0984,no,
JURGEN-1844,no,
JURGEN-4117,no,
JURGEN-3492,no,
JURGEN-6356,no,
JURGEN-0454,no,
JURGEN-5086,no,
JURGEN-7699,no,
JURGEN-8758,no,
JURGEN-1299,no,
JURGEN-7367,no,
JURGEN-3940,no,
JURGEN-6574,no,
JURGEN-5368,no,
JURGEN-2241,no,
JURGEN-1796,no,
JURGEN-7516,no,
JURGEN-3888,no,
JURGEN-7942,no,
JURGEN-2930,no,
JURGEN-4382,no,
JURGEN-0208,no,
JURGEN-3358,no,
JURGEN-0301,no,
JURGEN-8018,no,
JURGEN-6284,no,
JURGEN-4756,no,
JURGEN-0637,no,
JURGEN-2304,no,
JURGEN-2530,no,
JURGEN-2523,no,
JURGEN-5979,no,
JURGEN-5696,no,
JURGEN-8756,no,
JURGEN-3990,no,
JURGEN-6178,no,
JURGEN-4392,no,
JURGEN-1314,no,
JURGEN-9697,no,
JURGEN-2979,no,
JURGEN-7810,no,
JURGEN-0893,no,
JURGEN-3521,no,
JURGEN-9937,no,
JURGEN-1320,no,
JURGEN-4877,no,
JURGEN-3228,no,
JURGEN-1449,no,
JURGEN-2915,no,
JURGEN-2873,no,
JURGEN-5789,no,
JURGEN-0391,no,
JURGEN-6618,no,
JURGEN-7030,no,
JURGEN-3220,no,
JURGEN-6635,no,
JURGEN-9291,no,
JURGEN-4135,no,
JURGEN-0091,no,
JURGEN-6262,no,
JURGEN-7025,no,
JURGEN-8824,no,
JURGEN-5890,no,
JURGEN-7930,no,
JURGEN-8157,no,
JURGEN-8000,no,
JURGEN-8503,no,
JURGEN-3206,no,
JURGEN-3417,no,
JURGEN-0376,no,
JURGEN-6490,no,
JURGEN-2739,no,
JURGEN-7789,no,
JURGEN-4705,no,
JURGEN-1698,no,
JURGEN-3152,no,
JURGEN-0228,no,
JURGEN-0672,no,
JURGEN-7183,no,
JURGEN-9347,no,
JURGEN-0679,no,
JURGEN-0170,no,
JURGEN-5033,no,
JURGEN-0651,no,
JURGEN-6421,no,
JURGEN-3785,no,
JURGEN-9903,no,
JURGEN-4626,no,
JURGEN-4407,no,
JURGEN-6958,no,
JURGEN-8585,no,
JURGEN-0373,no,
JURGEN-6226,no,
JURGEN-9742,no,
JURGEN-8741,no,
JURGEN-7736,no,
JURGEN-1203,no,
JURGEN-8598,no,
JURGEN-4161,no,
JURGEN-7851,no,
JURGEN-7826,no,
JURGEN-6087,no,
JURGEN-7615,no,
JURGEN-2427,no,
JURGEN-8125,no,
JURGEN-2813,no,
JURGEN-1003,no,
JURGEN-3796,no,
JURGEN-7773,no,
JURGEN-9307,no,
JURGEN-8739,no,
JURGEN-5449,no,
JURGEN-3726,no,
JURGEN-5089,no,
JURGEN-3237,no,
JURGEN-2381,no,
JURGEN-9850,no,
JURGEN-2221,no,
JURGEN-9332,no,
JURGEN-2931,no,
JURGEN-9112,no,
JURGEN-0861,no,
JURGEN-4198,no,
JURGEN-2417,no,
JURGEN-6710,no,
JURGEN-9554,no,
JURGEN-5585,no,
JURGEN-1684,no,
JURGEN-4095,no,
JURGEN-2433,no,
JURGEN-9660,no,
JURGEN-2364,no,
JURGEN-9180,no,
JURGEN-6830,no,
JURGEN-2268,no,
JURGEN-7102,no,
JURGEN-9544,no,
JURGEN-8151,no,
JURGEN-1277,no,
JURGEN-7462,no,
JURGEN-2261,no,
JURGEN-5916,no,
JURGEN-7132,no,
JURGEN-4370,no,
JURGEN-8721,no,
JURGEN-2846,no,
JURGEN-3736,no,
JURGEN-1932,no,
JURGEN-1122,no,
JURGEN-0078,no,
JURGEN-7058,no,
JURGEN-9521,no,
JURGEN-7498,no,
JURGEN-4518,no,
JURGEN-7898,no,
JURGEN-3671,no,
JURGEN-4525,no,
JURGEN-8016,no,
JURGEN-4955,no,
JURGEN-8574,no,
JURGEN-0656,no,
JURGEN-0911,no,
JURGEN-2633,no,
JURGEN-8488,no,
JURGEN-5219,no,
JURGEN-0328,no,
JURGEN-1190,no,
JURGEN-9843,no,
JURGEN-7172,no,
JURGEN-6449,no,
JURGEN-3287,no,
JURGEN-1102,no,
JURGEN-3243,no,
JURGEN-0759,no,
JURGEN-6911,no,
JURGEN-6678,no,
JURGEN-3695,no,
JURGEN-4517,no,
JURGEN-3131,no,
JURGEN-0156,no,
JURGEN-0411,no,
JURGEN-5937,no,
JURGEN-9717,no,
JURGEN-4692,no,
JURGEN-8648,no,
JURGEN-9435,no,
JURGEN-2373,no,
JURGEN-8518,no,
JURGEN-6137,no,
JURGEN-7353,no,
JURGEN-9828,no,
JURGEN-9155,no,
JURGEN-4111,no,
JURGEN-3025,no,
JURGEN-8998,no,
JURGEN-1834,no,
JURGEN-1743,no,
JURGEN-4146,no,
JURGEN-1368,no,
JURGEN-1082,no,
JURGEN-3039,no,
JURGEN-2525,no,
JURGEN-8096,no,
JURGEN-8625,no,
JURGEN-9683,no,
JURGEN-0625,no,
JURGEN-9899,no,
JURGEN-3347,no,
JURGEN-0238,no,
JURGEN-9096,no,
JURGEN-0755,no,
JURGEN-2289,no,
JURGEN-4835,no,
JURGEN-3968,no,
JURGEN-6234,no,
JURGEN-2002,no,
JURGEN-2369,no,
JURGEN-0949,no,
JURGEN-0590,no,
JURGEN-7600,no,
JURGEN-4521,no,
JURGEN-3041,no,
JURGEN-9251,no,
JURGEN-9983,no,
JURGEN-8266,no,
JURGEN-7878,no,
JURGEN-9070,no,
JURGEN-9230,no,
JURGEN-4534,no,
JURGEN-8780,no,
JURGEN-3893,no,
JURGEN-3086,no,
JURGEN-3872,no,
JURGEN-7267,no,
JURGEN-4919,no,
JURGEN-2810,no,
JURGEN-8278,no,
JURGEN-7493,no,
JURGEN-9859,no,
JURGEN-3032,no,
JURGEN-6101,no,
JURGEN-0072,no,
JURGEN-3918,no,
JURGEN-1020,no,
JURGEN-2924,no,
JURGEN-9952,no,
JURGEN-1579,no,
JURGEN-6588,no,
JURGEN-7726,no,
JURGEN-6457,no,
JURGEN-9708,no,
JURGEN-2070,no,
JURGEN-8436,no,
JURGEN-1623,no,
JURGEN-9614,no,
JURGEN-2709,no,
JURGEN-6974,no,
JURGEN-0461,no,
JURGEN-2753,no,
JURGEN-0504,no,
JURGEN-2776,no,
JURGEN-9346,no,
JURGEN-4446,no,
JURGEN-2382,no,
JURGEN-8713,no,
JURGEN-6978,no,
JURGEN-8661,no,
JURGEN-6788,no,
JURGEN-5796,no,
JURGEN-8990,no,
JURGEN-4748,no,
JURGEN-3317,no,
JURGEN-7238,no,
JURGEN-1780,no,
JURGEN-7802,no,
JURGEN-0456,no,
JURGEN-5239,no,
JURGEN-8583,no,
JURGEN-3368,no,
JURGEN-0964,no,
JURGEN-9420,no,
JURGEN-6257,no,
JURGEN-3260,no,
JURGEN-8757,no,
JURGEN-4112,no,
JURGEN-9077,no,
JURGEN-0404,no,
JURGEN-3346,no,
JURGEN-9706,no,
JURGEN-3713,no,
JURGEN-3430,no,
JURGEN-5950,no,
JURGEN-0092,no,
JURGEN-0585,no,
JURGEN-3376,no,
JURGEN-9904,no,
JURGEN-8885,no,
JURGEN-9580,no,
JURGEN-5808,no,
JURGEN-3420,no,
JURGEN-6228,no,
JURGEN-4411,no,
JURGEN-8235,no,
JURGEN-0444,no,
JURGEN-5886,no,
JURGEN-3363,no,
JURGEN-3221,no,
JURGEN-0361,no,
JURGEN-1562,no,
JURGEN-1446,no,
JURGEN-3064,no,
JURGEN-5218,no,
JURGEN-3254,no,
JURGEN-1363,no,
JURGEN-4201,no,
JURGEN-5020,no,
JURGEN-9733,no,
JURGEN-2031,no,
JURGEN-8802,no,
JURGEN-2284,no,
JURGEN-5175,no,
JURGEN-4664,no,
JURGEN-1356,no,
JURGEN-2595,no,
JURGEN-2194,no,
JURGEN-6267,no,
JURGEN-0897,no,
JURGEN-9663,no,
JURGEN-2353,no,
JURGEN-5042,no,
JURGEN-2987,no,
JURGEN-6271,no,
JURGEN-0271,no,
JURGEN-4106,no,
JURGEN-5290,no,
JURGEN-0853,no,
JURGEN-3058,no,
JURGEN-6536,no,
JURGEN-7372,no,
JURGEN-9550,no,
JURGEN-4680,no,
JURGEN-1734,no,
JURGEN-0043,no,
JURGEN-9329,no,
JURGEN-7455,no,
JURGEN-4122,no,
JURGEN-4218,no,
JURGEN-2242,no,
JURGEN-2936,no,
JURGEN-5213,no,
JURGEN-1214,no,
JURGEN-9059,no,
JURGEN-7606,no,
JURGEN-7409,no,
JURGEN-0499,no,
JURGEN-3723,no,
JURGEN-7249,no,
JURGEN-9398,no,
JURGEN-0004,no,
JURGEN-1069,no,
JURGEN-5438,no,
JURGEN-1546,no,
JURGEN-6535,no,
JURGEN-4920,no,
JURGEN-5708,no,
JURGEN-0572,no,
JURGEN-0367,no,
JURGEN-0960,no,
JURGEN-0542,no,
JURGEN-7242,no,
JURGEN-2744,no,
JURGEN-8491,no,
JURGEN-7814,no,
JURGEN-8333,no,
JURGEN-7491,no,
JURGEN-3123,no,
JURGEN-5566,no,
JURGEN-5593,no,
JURGEN-3753,no,
JURGEN-2547,no,
JURGEN-4541,no,
JURGEN-1818,no,
JURGEN-7457,no,
JURGEN-7806,no,
JURGEN-4544,no,
JURGEN-0601,no,
JURGEN-8377,no,
JURGEN-8080,no,
JURGEN-6916,no,
JURGEN-0019,no,
JURGEN-9529,no,
JURGEN-5855,no,
JURGEN-9704,no,
JURGEN-3874,no,
JURGEN-1334,no,
JURGEN-3638,no,
JURGEN-7576,no,
JURGEN-7801,no,
JURGEN-2386,no,
JURGEN-2577,no,
JURGEN-9012,no,
JURGEN-2054,no,
JURGEN-6656,no,
JURGEN-8786,no,
JURGEN-6397,no,
JURGEN-3895,no,
JURGEN-2349,no,
JURGEN-0793,no,
JURGEN-9013,no,
JURGEN-9920,no,
JURGEN-3293,no,
JURGEN-9154,no,
JURGEN-3145,no,
JURGEN-0976,no,
JURGEN-5441,no,
JURGEN-5754,no,
JURGEN-6059,no,
JURGEN-8382,no,
JURGEN-3446,no,
JURGEN-6085,no,
JURGEN-9337,no,
JURGEN-9019,no,
JURGEN-4986,no,
JURGEN-1233,no,
JURGEN-6840,no,
JURGEN-3819,no,
JURGEN-8134,no,
JURGEN-0087,no,
JURGEN-0690,no,
JURGEN-9587,no,
JURGEN-6080,no,
JURGEN-3440,no,
JURGEN-8504,no,
JURGEN-8122,no,
JURGEN-6405,no,
JURGEN-4977,no,
JURGEN-8844,no,
JURGEN-1950,no,
JURGEN-5570,no,
JURGEN-8354,no,
JURGEN-9465,no,
JURGEN-7109,no,
JURGEN-2820,no,
JURGEN-8261,no,
JURGEN-5923,no,
JURGEN-3465,no,
JURGEN-5365,no,
JURGEN-7166,no,
JURGEN-3571,no,
JURGEN-8084,no,
JURGEN-8577,no,
JURGEN-5678,no,
JURGEN-4036,no,
JURGEN-1372,no,
JURGEN-4700,no,
JURGEN-5403,no,
JURGEN-7880,no,
JURGEN-0775,no,
JURGEN-6438,no,
JURGEN-6903,no,
JURGEN-6460,no,
JURGEN-3150,no,
JURGEN-2219,no,
JURGEN-4667,no,
JURGEN-5596,no,
JURGEN-1481,no,
JURGEN-5693,no,
JURGEN-8180,no,
JURGEN-0868,no,
JURGEN-5116,no,
JURGEN-2514,no,
JURGEN-5684,no,
JURGEN-8040,no,
JURGEN-4658,no,
JURGEN-6639,no,
JURGEN-0354,no,
JURGEN-4861,no,
JURGEN-0599,no,
JURGEN-6995,no,
JURGEN-6176,no,
JURGEN-9432,no,
JURGEN-3127,no,
JURGEN-2878,no,
JURGEN-2700,no,
JURGEN-1830,no,
JURGEN-5023,no,
JURGEN-9050,no,
JURGEN-9670,no,
JURGEN-4811,no,
JURGEN-1159,no,
JURGEN-2451,no,
JURGEN-4899,no,
JURGEN-3325,no,
JURGEN-4714,no,
JURGEN-0586,no,
JURGEN-6676,no,
JURGEN-2696,no,
JURGEN-9905,no,
JURGEN-8247,no,
JURGEN-7252,no,
JURGEN-6030,no,
JURGEN-9745,no,
JURGEN-4520,no,
JURGEN-5848,no,
JURGEN-8394,no,
JURGEN-0642,no,
JURGEN-0634,no,
JURGEN-1121,no,
JURGEN-2432,no,
JURGEN-5860,no,
JURGEN-0892,no,
JURGEN-5113,no,
JURGEN-9526,no,
JURGEN-8850,no,
JURGEN-5435,no,
JURGEN-6954,no,
JURGEN-7120,no,
JURGEN-2062,no,
JURGEN-2445,no,
JURGEN-2782,no,
JURGEN-1700,no,
JURGEN-9202,no,
JURGEN-7551,no,
JURGEN-6824,no,
JURGEN-2387,no,
JURGEN-6803,no,
JURGEN-3314,no,
JURGEN-6067,no,
JURGEN-8847,no,
JURGEN-8918,no,
JURGEN-9946,no,
JURGEN-0469,no,
JURGEN-0071,no,
JURGEN-9728,no,
JURGEN-3661,no,
JURGEN-2198,no,
JURGEN-8069,no,
JURGEN-5871,no,
JURGEN-7542,no,
JURGEN-0702,no,
JURGEN-9020,no,
JURGEN-7567,no,
JURGEN-2603,no,
JURGEN-8742,no,
JURGEN-9253,no,
JURGEN-4683,no,
JURGEN-7273,no,
JURGEN-1933,no,
JURGEN-8945,no,
JURGEN-9917,no,
JURGEN-6748,no,
JURGEN-9753,no,
JURGEN-3483,no,
JURGEN-3488,no,
JURGEN-0356,no,
JURGEN-2074,no,
JURGEN-0709,no,
JURGEN-3568,no,
JURGEN-6404,no,
JURGEN-1714,no,
JURGEN-1806,no,
JURGEN-1838,no,
JURGEN-8830,no,
JURGEN-9612,no,
JURGEN-3066,no,
JURGEN-3640,no,
JURGEN-4717,no,
JURGEN-7287,no,
JURGEN-4690,no,
JURGEN-6241,no,
JURGEN-7414,no,
JURGEN-3118,no,
JURGEN-1202,no,
JURGEN-1330,no,
JURGEN-5769,no,
JURGEN-9058,no,
JURGEN-2359,no,
JURGEN-1663,no,
JURGEN-3519,no,
JURGEN-9418,no,
JURGEN-7006,no,
JURGEN-0331,no,
JURGEN-6324,no,
JURGEN-5973,no,
JURGEN-2485,no,
JURGEN-0706,no,
JURGEN-4039,no,
JURGEN-6435,no,
JURGEN-1815,no,
JURGEN-3528,no,
JURGEN-1230,no,
JURGEN-9315,no,
JURGEN-4691,no,
JURGEN-6756,no,
JURGEN-2837,no,
JURGEN-5361,no,
JURGEN-0522,no,
JURGEN-0406,no,
JURGEN-7566,no,
JURGEN-2764,no,
JURGEN-6183,no,
JURGEN-8070,no,
JURGEN-3783,no,
JURGEN-8958,no,
JURGEN-6473,no,
JURGEN-4983,no,
JURGEN-7085,no,
JURGEN-1046,no,
JURGEN-5150,no,
JURGEN-3618,no,
JURGEN-5254,no,
JURGEN-4789,no,
JURGEN-8669,no,
JURGEN-6817,no,
JURGEN-8460,no,
JURGEN-5483,no,
JURGEN-4591,no,
JURGEN-7999,no,
JURGEN-5974,no,
JURGEN-3074,no,
JURGEN-4849,no,
JURGEN-1315,no,
JURGEN-5178,no,
JURGEN-1324,no,
JURGEN-9001,no,
JURGEN-1047,no,
JURGEN-2420,no,
JURGEN-0280,no,
JURGEN-1065,no,
JURGEN-8926,no,
JURGEN-5109,no,
JURGEN-9930,no,
JURGEN-6372,no,
JURGEN-8678,no,
JURGEN-1322,no,
JURGEN-4074,no,
JURGEN-2308,no,
JURGEN-7774,no,
JURGEN-1614,no,
JURGEN-1340,no,
JURGEN-9109,no,
JURGEN-2714,no,
JURGEN-5253,no,
JURGEN-0991,no,
JURGEN-9569,no,
JURGEN-7441,no,
JURGEN-5117,no,
JURGEN-1469,no,
JURGEN-6909,no,
JURGEN-4433,no,
JURGEN-1390,no,
JURGEN-6330,no,
JURGEN-0971,no,
JURGEN-4485,no,
JURGEN-0877,no,
JURGEN-1541,no,
JURGEN-0869,no,
JURGEN-9224,no,
JURGEN-8008,no,
JURGEN-1163,no,
JURGEN-1422,no,
JURGEN-9820,no,
JURGEN-2183,no,
JURGEN-4589,no,
JURGEN-4785,no,
JURGEN-1681,no,
JURGEN-2101,no,
JURGEN-1427,no,
JURGEN-4270,no,
JURGEN-2315,no,
JURGEN-5926,no,
JURGEN-4545,no,
JURGEN-5920,no,
JURGEN-1293,no,
JURGEN-5006,no,
JURGEN-9279,no,
JURGEN-8553,no,
JURGEN-2740,no,
JURGEN-7950,no,
JURGEN-0216,no,
JURGEN-2906,no,
JURGEN-7013,no,
JURGEN-3627,no,
JURGEN-3067,no,
JURGEN-4339,no,
JURGEN-4637,no,
JURGEN-3023,no,
JURGEN-2271,no,
JURGEN-0787,no,
JURGEN-1499,no,
JURGEN-3574,no,
JURGEN-1358,no,
JURGEN-3226,no,
JURGEN-2757,no,
JURGEN-3987,no,
JURGEN-0593,no,
JURGEN-1290,no,
JURGEN-8904,no,
JURGEN-4359,no,
JURGEN-4377,no,
JURGEN-9486,no,
JURGEN-6508,no,
JURGEN-2661,no,
JURGEN-7723,no,
JURGEN-2021,no,
JURGEN-9413,no,
JURGEN-9759,no,
JURGEN-4772,no,
JURGEN-8548,no,
JURGEN-3291,no,
JURGEN-8762,no,
JURGEN-0841,no,
JURGEN-0778,no,
JURGEN-8314,no,
JURGEN-4817,no,
JURGEN-3764,no,
JURGEN-3984,no,
JURGEN-1619,no,
JURGEN-5162,no,
JURGEN-2249,no,
JURGEN-8197,no,
JURGEN-4593,no,
JURGEN-0730,no,
JURGEN-1881,no,
JURGEN-0296,no,
JURGEN-5462,no,
JURGEN-3530,no,
JURGEN-5679,no,
JURGEN-5377,no,
JURGEN-2569,no,
JURGEN-7919,no,
JURGEN-8054,no,
JURGEN-8912,no,
JURGEN-1882,no,
JURGEN-4999,no,
JURGEN-1133,no,
JURGEN-5074,no,
JURGEN-3625,no,
JURGEN-4341,no,
JURGEN-7667,no,
JURGEN-6769,no,
JURGEN-8271,no,
JURGEN-2717,no,
JURGEN-5076,no,
JURGEN-6521,no,
JURGEN-7977,no,
JURGEN-2051,no,
JURGEN-3386,no,
JURGEN-3441,no,
JURGEN-9688,no,
JURGEN-4164,no,
JURGEN-4241,no,
JURGEN-7978,no,
JURGEN-4668,no,
JURGEN-7266,no,
JURGEN-2613,no,
JURGEN-9809,no,
JURGEN-9130,no,
JURGEN-7900,no,
JURGEN-1641,no,
JURGEN-9885,no,
JURGEN-4650,no,
JURGEN-4980,no,
JURGEN-5997,no,
JURGEN-5106,no,
JURGEN-1863,no,
JURGEN-4376,no,
JURGEN-8645,no,
JURGEN-2998,no,
JURGEN-0435,no,
JURGEN-1193,no,
JURGEN-9525,no,
JURGEN-2061,no,
JURGEN-7658,no,
JURGEN-6465,no,
JURGEN-2048,no,
JURGEN-3190,no,
JURGEN-7127,no,
JURGEN-9824,no,
JURGEN-4109,no,
JURGEN-3292,no,
JURGEN-1311,no,
JURGEN-9028,no,
JURGEN-2758,no,
JURGEN-6388,no,
JURGEN-5989,no,
JURGEN-8076,no,
JURGEN-2395,no,
JURGEN-0860,no,
JURGEN-5695,no,
JURGEN-3908,no,
JURGEN-9589,no,
JURGEN-5019,no,
JURGEN-3366,no,
JURGEN-8182,no,
JURGEN-6599,no,
JURGEN-7994,no,
JURGEN-9797,no,
JURGEN-1332,no,
JURGEN-8058,no,
JURGEN-9548,no,
JURGEN-1380,no,
JURGEN-5161,no,
JURGEN-3328,no,
JURGEN-1606,no,
JURGEN-2409,no,
JURGEN-6896,no,
JURGEN-0548,no,
JURGEN-5788,no,
JURGEN-4552,no,
JURGEN-2826,no,
JURGEN-3941,no,
JURGEN-5888,no,
JURGEN-4564,no,
JURGEN-5682,no,
JURGEN-1143,no,
JURGEN-3177,no,
JURGEN-0649,no,
JURGEN-4211,no,
JURGEN-9263,no,
JURGEN-2428,no,
JURGEN-5001,no,
JURGEN-3270,no,
JURGEN-2984,no,
JURGEN-0213,no,
JURGEN-6343,no,
JURGEN-7200,no,
JURGEN-6566,no,
JURGEN-4129,no,
JURGEN-4156,no,
JURGEN-9256,no,
JURGEN-2189,no,
JURGEN-3339,no,
JURGEN-6520,no,
JURGEN-1754,no,
JURGEN-0661,no,
JURGEN-5917,no,
JURGEN-4038,no,
JURGEN-9166,no,
JURGEN-2526,no,
JURGEN-8790,no,
JURGEN-9992,no,
JURGEN-9988,no,
JURGEN-4471,no,
JURGEN-4633,no,
JURGEN-2403,no,
JURGEN-6914,no,
JURGEN-7886,no,
JURGEN-5258,no,
JURGEN-2839,no,
JURGEN-5333,no,
JURGEN-3829,no,
JURGEN-6767,no,
JURGEN-7501,no,
JURGEN-6887,no,
JURGEN-7429,no,
JURGEN-2396,no,
JURGEN-4645,no,
JURGEN-9686,no,
JURGEN-8097,no,
JURGEN-1382,no,
JURGEN-9277,no,
JURGEN-3795,no,
JURGEN-1598,no,
JURGEN-9800,no,
JURGEN-7743,no,
JURGEN-7706,no,
JURGEN-7508,no,
JURGEN-3255,no,
JURGEN-0455,no,
JURGEN-3542,no,
JURGEN-8925,no,
JURGEN-5996,no,
JURGEN-9876,no,
JURGEN-6770,no,
JURGEN-2419,no,
JURGEN-2777,no,
JURGEN-6149,no,
JURGEN-2050,no,
JURGEN-3575,no,
JURGEN-3007,no,
JURGEN-0846,no,
JURGEN-8980,no,
JURGEN-3093,no,
JURGEN-2618,no,
JURGEN-3194,no,
JURGEN-8630,no,
JURGEN-0896,no,
JURGEN-3295,no,
JURGEN-3088,no,
JURGEN-9669,no,
JURGEN-2488,no,
JURGEN-6461,no,
JURGEN-6254,no,
JURGEN-7236,no,
JURGEN-8396,no,
JURGEN-2649,no,
JURGEN-6771,no,
JURGEN-3370,no,
JURGEN-8014,no,
JURGEN-7005,no,
JURGEN-0137,no,
JURGEN-7141,no,
JURGEN-7504,no,
JURGEN-1729,no,
JURGEN-4935,no,
JURGEN-4720,no,
JURGEN-1407,no,
JURGEN-9908,no,
JURGEN-8392,no,
JURGEN-9646,no,
JURGEN-9049,no,
JURGEN-7981,no,
JURGEN-0940,no,
JURGEN-1674,no,
JURGEN-2694,no,
JURGEN-1289,no,
JURGEN-8812,no,
JURGEN-1597,no,
JURGEN-1043,no,
JURGEN-2262,no,
JURGEN-3274,no,
JURGEN-0783,no,
JURGEN-7314,no,
JURGEN-5936,no,
JURGEN-7221,no,
JURGEN-0109,no,
JURGEN-1764,no,
JURGEN-2863,no,
JURGEN-5136,no,
JURGEN-0735,no,
JURGEN-0029,no,
JURGEN-2921,no,
JURGEN-1699,no,
JURGEN-2993,no,
JURGEN-5691,no,
JURGEN-0915,no,
JURGEN-8026,no,
JURGEN-1793,no,
JURGEN-3707,no,
JURGEN-4338,no,
JURGEN-0258,no,
JURGEN-6275,no,
JURGEN-0894,no,
JURGEN-1513,no,
JURGEN-0910,no,
JURGEN-4989,no,
JURGEN-9812,no,
JURGEN-4764,no,
JURGEN-7292,no,
JURGEN-7310,no,
JURGEN-8855,no,
JURGEN-6813,no,
JURGEN-7095,no,
JURGEN-8209,no,
JURGEN-8748,no,
JURGEN-3185,no,
JURGEN-4285,no,
JURGEN-3998,no,
JURGEN-4173,no,
JURGEN-8952,no,
JURGEN-4207,no,
JURGEN-5153,no,
JURGEN-4468,no,
JURGEN-6487,no,
JURGEN-7212,no,
JURGEN-5945,no,
JURGEN-2551,no,
JURGEN-9743,no,
JURGEN-4454,no,
JURGEN-9844,no,
JURGEN-8883,no,
JURGEN-6066,no,
JURGEN-7138,no,
JURGEN-7693,no,
JURGEN-0664,no,
JURGEN-1880,no,
JURGEN-0710,no,
JURGEN-2848,no,
JURGEN-3454,no,
JURGEN-4988,no,
JURGEN-5962,no,
JURGEN-4595,no,
JURGEN-7798,no,
JURGEN-0701,no,
JURGEN-9022,no,
JURGEN-4150,no,
JURGEN-3480,no,
JURGEN-0595,no,
JURGEN-0099,no,
JURGEN-0321,no,
JURGEN-9098,no,
JURGEN-0659,no,
JURGEN-4663,no,
JURGEN-9330,no,
JURGEN-0172,no,
JURGEN-9460,no,
JURGEN-1740,no,
JURGEN-6418,no,
JURGEN-6537,no,
JURGEN-0374,no,
JURGEN-7613,no,
JURGEN-6760,no,
JURGEN-8567,no,
JURGEN-3244,no,
JURGEN-6158,no,
JURGEN-1298,no,
JURGEN-5666,no,
JURGEN-1602,no,
JURGEN-5340,no,
JURGEN-5464,no,
JURGEN-9439,no,
JURGEN-7376,no,
JURGEN-9520,no,
JURGEN-6752,no,
JURGEN-7569,no,
JURGEN-3280,no,
JURGEN-2946,no,
JURGEN-1733,no,
JURGEN-2800,no,
JURGEN-1690,no,
JURGEN-6252,no,
JURGEN-5575,no,
JURGEN-0027,no,
JURGEN-5805,no,
JURGEN-5692,no,
JURGEN-7382,no,
JURGEN-5755,no,
JURGEN-3405,no,
JURGEN-4888,no,
JURGEN-0009,no,
JURGEN-8768,no,
JURGEN-9713,no,
JURGEN-4153,no,
JURGEN-4025,no,
JURGEN-3924,no,
JURGEN-9603,no,
JURGEN-8188,no,
JURGEN-8194,no,
JURGEN-3477,no,
JURGEN-0798,no,
JURGEN-5589,no,
JURGEN-0389,no,
JURGEN-0148,no,
JURGEN-5710,no,
JURGEN-6251,no,
JURGEN-5069,no,
JURGEN-3204,no,
JURGEN-2407,no,
JURGEN-2684,no,
JURGEN-3394,no,
JURGEN-3920,no,
JURGEN-2489,no,
JURGEN-6400,no,
JURGEN-3312,no,
JURGEN-8547,no,
JURGEN-6047,no,
JURGEN-9356,no,
JURGEN-8463,no,
JURGEN-3294,no,
JURGEN-1451,no,
JURGEN-6352,no,
JURGEN-5018,no,
JURGEN-4902,no,
JURGEN-3658,no,
JURGEN-8964,no,
JURGEN-3804,no,
JURGEN-9461,no,
JURGEN-8572,no,
JURGEN-4364,no,
JURGEN-1125,no,
JURGEN-0236,no,
JURGEN-2961,no,
JURGEN-1132,no,
JURGEN-0235,no,
JURGEN-1248,no,
JURGEN-0614,no,
JURGEN-6986,no,
JURGEN-7531,no,
JURGEN-9640,no,
JURGEN-7175,no,
JURGEN-0968,no,
JURGEN-4235,no,
JURGEN-0123,no,
JURGEN-1673,no,
JURGEN-9678,no,
JURGEN-1864,no,
JURGEN-5865,no,
JURGEN-4947,no,
JURGEN-7749,no,
JURGEN-8806,no,
JURGEN-9907,no,
JURGEN-5402,no,
JURGEN-9531,no,
JURGEN-8656,no,
JURGEN-0237,no,
JURGEN-3685,no,
JURGEN-6344,no,
JURGEN-5867,no,
JURGEN-8810,no,
JURGEN-9092,no,
JURGEN-3875,no,
JURGEN-7226,no,
JURGEN-1194,no,
JURGEN-0803,no,
JURGEN-0155,no,
JURGEN-9445,no,
JURGEN-4051,no,
JURGEN-5628,no,
JURGEN-1745,no,
JURGEN-2287,no,
JURGEN-6308,no,
JURGEN-8181,no,
JURGEN-2646,no,
JURGEN-8705,no,
JURGEN-2248,no,
JURGEN-5110,no,
JURGEN-1617,no,
JURGEN-9806,no,
JURGEN-2829,no,
JURGEN-5900,no,
JURGEN-5191,no,
JURGEN-6474,no,
JURGEN-1783,no,
JURGEN-0583,no,
JURGEN-5922,no,
JURGEN-1869,no,
JURGEN-8888,no,
JURGEN-7634,no,
JURGEN-4800,no,
JURGEN-2940,no,
JURGEN-6881,no,
JURGEN-6304,no,
JURGEN-4932,no,
JURGEN-4351,no,
JURGEN-9127,no,
JURGEN-3132,no,
JURGEN-6554,no,
JURGEN-3308,no,
JURGEN-2108,no,
JURGEN-9701,no,
JURGEN-9296,no,
JURGEN-6046,no,
JURGEN-6092,no,
JURGEN-1535,no,
JURGEN-6414,no,
JURGEN-9861,no,
JURGEN-0786,no,
JURGEN-1996,no,
JURGEN-0624,no,
JURGEN-5481,no,
JURGEN-1508,no,
JURGEN-7160,no,
JURGEN-5948,no,
JURGEN-6240,no,
JURGEN-7533,no,
JURGEN-9925,no,
JURGEN-9265,no,
JURGEN-5468,no,
JURGEN-5485,no,
JURGEN-8688,no,
JURGEN-6692,no,
JURGEN-4480,no,
JURGEN-3773,no,
JURGEN-5636,no,
JURGEN-4616,no,
JURGEN-5376,no,
JURGEN-8770,no,
JURGEN-8262,no,
JURGEN-4921,no,
JURGEN-2405,no,
JURGEN-0429,no,
JURGEN-4628,no,
JURGEN-6551,no,
JURGEN-8456,no,
JURGEN-9724,no,
JURGEN-9076,no,
JURGEN-5793,no,
JURGEN-7435,no,
JURGEN-8142,no,
JURGEN-2085,no,
JURGEN-0931,no,
JURGEN-2081,no,
JURGEN-5262,no,
JURGEN-4499,no,
JURGEN-3284,no,
JURGEN-8882,no,
JURGEN-6664,no,
JURGEN-9116,no,
JURGEN-1505,no,
JURGEN-4728,no,
JURGEN-9006,no,
JURGEN-8693,no,
JURGEN-1702,no,
JURGEN-2251,no,
JURGEN-5461,no,
JURGEN-7341,no,
JURGEN-3790,no,
JURGEN-6210,no,
JURGEN-4944,no,
JURGEN-1455,no,
JURGEN-2761,no,
JURGEN-5555,no,
JURGEN-7895,no,
JURGEN-5546,no,
JURGEN-9622,no,
JURGEN-3311,no,
JURGEN-1271,no,
JURGEN-6109,no,
JURGEN-0875,no,
JURGEN-3148,no,
JURGEN-8951,no,
JURGEN-5651,no,
JURGEN-5350,no,
JURGEN-5480,no,
JURGEN-5448,no,
JURGEN-1984,no,
JURGEN-3028,no,
JURGEN-5821,no,
JURGEN-7653,no,
JURGEN-0006,no,
JURGEN-6090,no,
JURGEN-3052,no,
JURGEN-1652,no,
JURGEN-5728,no,
JURGEN-2538,no,
JURGEN-6861,no,
JURGEN-6009,no,
JURGEN-7167,no,
JURGEN-1352,no,
JURGEN-7119,no,
JURGEN-0057,no,
JURGEN-3503,no,
JURGEN-2556,no,
JURGEN-2710,no,
JURGEN-4816,no,
JURGEN-0962,no,
JURGEN-8655,no,
JURGEN-1970,no,
JURGEN-7329,no,
JURGEN-8738,no,
JURGEN-5297,no,
JURGEN-9658,no,
JURGEN-8889,no,
JURGEN-1276,no,
JURGEN-5427,no,
JURGEN-6876,no,
JURGEN-0293,no,
JURGEN-3737,no,
JURGEN-0908,no,
JURGEN-6202,no,
JURGEN-1014,no,
JURGEN-8528,no,
JURGEN-7452,no,
JURGEN-2142,no,
JURGEN-3004,no,
JURGEN-6373,no,
JURGEN-2322,no,
JURGEN-4404,no,
JURGEN-2768,no,
JURGEN-7203,no,
JURGEN-2140,no,
JURGEN-7909,no,
JURGEN-2250,no,
JURGEN-5057,no,
JURGEN-5763,no,
JURGEN-5880,no,
JURGEN-1199,no,
JURGEN-6048,no,
JURGEN-1189,no,
JURGEN-6722,no,
JURGEN-8677,no,
JURGEN-1705,no,
JURGEN-0313,no,
JURGEN-8594,no,
JURGEN-2082,no,
JURGEN-0466,no,
JURGEN-3136,no,
JURGEN-5304,no,
JURGEN-3355,no,
JURGEN-3187,no,
JURGEN-0022,no,
JURGEN-7121,no,
JURGEN-0402,no,
JURGEN-5144,no,
JURGEN-6041,no,
JURGEN-8703,no,
JURGEN-0209,no,
JURGEN-6379,no,
JURGEN-2295,no,
JURGEN-8102,no,
JURGEN-5469,no,
JURGEN-2843,no,
JURGEN-9832,no,
JURGEN-5334,no,
JURGEN-3161,no,
JURGEN-2016,no,
JURGEN-2651,no,
JURGEN-7562,no,
JURGEN-2347,no,
JURGEN-1800,no,
JURGEN-9142,no,
JURGEN-7306,no,
JURGEN-7235,no,
JURGEN-9479,no,
JURGEN-8477,no,
JURGEN-2363,no,
JURGEN-8818,no,
JURGEN-8997,no,
JURGEN-9767,no,
JURGEN-6456,no,
JURGEN-6427,no,
JURGEN-5036,no,
JURGEN-6135,no,
JURGEN-5229,no,
JURGEN-4439,no,
JURGEN-4726,no,
JURGEN-4638,no,
JURGEN-6996,no,
JURGEN-7097,no,
JURGEN-2910,no,
JURGEN-7012,no,
JURGEN-4209,no,
JURGEN-2066,no,
JURGEN-7406,no,
JURGEN-2228,no,
JURGEN-5521,no,
JURGEN-3910,no,
JURGEN-8139,no,
JURGEN-5149,no,
JURGEN-5476,no,
JURGEN-8554,no,
JURGEN-3688,no,
JURGEN-3569,no,
JURGEN-8198,no,
JURGEN-8127,no,
JURGEN-0118,no,
JURGEN-2637,no,
JURGEN-5847,no,
JURGEN-3457,no,
JURGEN-5295,no,
JURGEN-1695,no,
JURGEN-5477,no,
JURGEN-2639,no,
JURGEN-6612,no,
JURGEN-8412,no,
JURGEN-7486,no,
JURGEN-5568,no,
JURGEN-6357,no,
JURGEN-8974,no,
JURGEN-9499,no,
JURGEN-3200,no,
JURGEN-1723,no,
JURGEN-2676,no,
JURGEN-6543,no,
JURGEN-5203,no,
JURGEN-6239,no,
JURGEN-1929,no,
JURGEN-2179,no,
JURGEN-9991,no,
JURGEN-4822,no,
JURGEN-8376,no,
JURGEN-3943,no,
JURGEN-4093,no,
JURGEN-9474,no,
JURGEN-6992,no,
JURGEN-8728,no,
JURGEN-4064,no,
JURGEN-0151,no,
JURGEN-0086,no,
JURGEN-5459,no,
JURGEN-9961,no,
JURGEN-4780,no,
JURGEN-5084,no,
JURGEN-1849,no,
JURGEN-1418,no,
JURGEN-4115,no,
JURGEN-5940,no,
JURGEN-5835,no,
JURGEN-6645,no,
JURGEN-4337,no,
JURGEN-2657,no,
JURGEN-2078,no,
JURGEN-4550,no,
JURGEN-2361,no,
JURGEN-7599,no,
JURGEN-9118,no,
JURGEN-3141,no,
JURGEN-0840,no,
JURGEN-5341,no,
JURGEN-8407,no,
JURGEN-5927,no,
JURGEN-7113,no,
JURGEN-6151,no,
JURGEN-7524,no,
JURGEN-3556,no,
JURGEN-5829,no,
JURGEN-9549,no,
JURGEN-8118,no,
JURGEN-0671,no,
JURGEN-6564,no,
JURGEN-9402,no,
JURGEN-5987,no,
JURGEN-1977,no,
JURGEN-1557,no,
JURGEN-7464,no,
JURGEN-5244,no,
JURGEN-6093,no,
JURGEN-3824,no,
JURGEN-7336,no,
JURGEN-9388,no,
JURGEN-3677,no,
JURGEN-3635,no,
JURGEN-2318,no,
JURGEN-7019,no,
JURGEN-1491,no,
JURGEN-1678,no,
JURGEN-6114,no,
JURGEN-9015,no,
JURGEN-0986,no,
JURGEN-4975,no,
JURGEN-1768,no,
JURGEN-5314,no,
JURGEN-2647,no,
JURGEN-1490,no,
JURGEN-2141,no,
JURGEN-6859,no,
